"entrezgene_id","hgnc_symbol","mirna1","mirna2","Lancaster_XY_Z","is_mrna_tf","mirna1Literature","mirna2Literature","mrnaLiterature","miRNA1_mRNA_DB","miRNA2_mRNA_DB","miRNA1_pvalue","miRNA1_logFC","miRNA2_pvalue","miRNA2_logFC","mRNA_pvalue","mRNA_logFC","mi2","mi1","mrna","_c3","_c4","_c5","_c6","_c7","_c8","_c9","_c10","_c11","_c12","_c13","_c14","_c15","_c16","_c17","_c18","_c19","_c20","_c21","_c22","_c23","_c24","_c25","_c26","_c27","_c28","_c29","_c30","_c31","_c32","_c33","_c34","_c35","_c36","_c37","_c38","_c39","_c40","_c41","_c42","_c43","_c44","_c45","_c46","_c47","_c48","_c49","_c50","_c51","_c52","_c53","_c54"
999,"CDH1","hsa-mir-34c-5p","hsa-mir-629-3p",0.0085,FALSE,NA,NA,"<a href='https://pubmed.ncbi.nlm.nih.gov/11568972'>PubMedLink</a>
<a href='https://pubmed.ncbi.nlm.nih.gov/18195710'>PubMedLink</a>
<a href='https://pubmed.ncbi.nlm.nih.gov/19641369'>PubMedLink</a>
<a href='https://pubmed.ncbi.nlm.nih.gov/20553257'>PubMedLink</a>
<a href='https://pubmed.ncbi.nlm.nih.gov/28802251'>PubMedLink</a>","mirtarbase","tarbase",0.329465035976838,0.15863077529598,1.29193975478257e-05,0.601301751680986,0.00084240966890289,-0.136294409383365,"hsa-mir-629-3p","hsa-mir-34c-5p",999,21.8614971713749,19.2669888789258,17.7106074088299,"17.4456522921416","19.7921421478504","19.4656309900122","20.7015729842168","17.9452756112527","17.5845955486955","16.646442997862","19.081321673449","18.7125352441183","17.6632083954493","19.1483893537304","18.0927178949544","19.3297358460717","18.4728798889562","""""","""""","""""","""""","""""","""""","""""","""""","""""","""""","""""","""""","""""","""""","""""","""""","""""","""""","""""","""""","""""","""""","""""","""""","""""","""""","""""","""""","""""","""""","""""","""""","""""","""""",""""""
2591,"GALNT3","hsa-mir-340-5p","hsa-mir-629-3p",5e-04,FALSE,NA,NA,"<a href='https://pubmed.ncbi.nlm.nih.gov/23799843'>PubMedLink</a>","mirtarbase","tarbase",0.00010043065094235,0.397649161187248,1.29193975478257e-05,0.601301751680986,2.79046969342611e-10,-0.282440927665956,"hsa-mir-629-3p","hsa-mir-340-5p",2591,15.2201557891263,17.5863303688635,17.5418771940881,"13.607888185129","12.8714868006009","13.4441477261445","15.6368610400079","15.2908945823796","15.7403484343907","14.5544723029483","13.9098076166479","13.0929348215472","16.2166268069513","17.6155978891314","17.7983229521109","19.4545658054444","""""","""""","""""","""""","""""","""""","""""","""""","""""","""""","""""","""""","""""","""""","""""","""""","""""","""""","""""","""""","""""","""""","""""","""""","""""","""""","""""","""""","""""","""""","""""","""""","""""","""""","""""",""""""
2824,"GPM6B","hsa-mir-146a-5p","hsa-mir-629-3p",5e-04,FALSE,NA,NA,NA,"mirtarbase","tarbase",0.0026377882342123,0.245289169618246,1.29193975478257e-05,0.601301751680986,7.25546318711349e-07,-0.228223210383632,"hsa-mir-629-3p","hsa-mir-146a-5p",2824,12.9856419679887,13.2361893763563,15.2759169676785,"14.2873024295902","13.3656664922748","16.856946299389","16.7585888444824","17.9086914230396","13.4443224311996","14.0719484495215","14.610991966207","13.722258838446","11.7342642100121","15.9924868958785","17.7259298499139","17.1846890035066","17.979791741636","13.9654587952154","13.5229478766848","12.4598864954953","12.4946187352568","13.3335322061299","""""","""""","""""","""""","""""","""""","""""","""""","""""","""""","""""","""""","""""","""""","""""","""""","""""","""""","""""","""""","""""","""""","""""","""""","""""","""""","""""","""""","""""",""""""
3480,"IGF1R","hsa-mir-340-5p","hsa-mir-224-5p",0.0015,FALSE,NA,NA,"<a href='https://pubmed.ncbi.nlm.nih.gov/17952403'>PubMedLink</a>
<a href='https://pubmed.ncbi.nlm.nih.gov/19509240'>PubMedLink</a>
<a href='https://pubmed.ncbi.nlm.nih.gov/23548153'>PubMedLink</a>
<a href='https://pubmed.ncbi.nlm.nih.gov/30701095'>PubMedLink</a>
<a href='https://pubmed.ncbi.nlm.nih.gov/31126198'>PubMedLink</a>","mirtarbase tarbase","mirtarbase tarbase",0.00010043065094235,0.397649161187248,1.03153453433243e-21,1.03375480318174,0.468172386437174,-0.0309684266284873,"hsa-mir-224-5p","hsa-mir-340-5p",3480,18.0449790640027,17.4509114902265,17.3198024454973,"18.24068472611","16.8674694494167","17.5267063280135","18.0103624821583","18.4537357638393","18.6550388076137","16.3034077071875","18.3571711408376","18.5361983453647","18.8286007340263","17.3242147472451","18.3034113263547","18.8591867665497","""""","""""","""""","""""","""""","""""","""""","""""","""""","""""","""""","""""","""""","""""","""""","""""","""""","""""","""""","""""","""""","""""","""""","""""","""""","""""","""""","""""","""""","""""","""""","""""","""""","""""","""""",""""""
3480,"IGF1R","hsa-mir-452-5p","hsa-mir-340-5p",5e-04,FALSE,"<a href='https://pubmed.ncbi.nlm.nih.gov/30419914'>PubMedLink</a>",NA,"<a href='https://pubmed.ncbi.nlm.nih.gov/17952403'>PubMedLink</a>
<a href='https://pubmed.ncbi.nlm.nih.gov/19509240'>PubMedLink</a>
<a href='https://pubmed.ncbi.nlm.nih.gov/23548153'>PubMedLink</a>
<a href='https://pubmed.ncbi.nlm.nih.gov/30701095'>PubMedLink</a>
<a href='https://pubmed.ncbi.nlm.nih.gov/31126198'>PubMedLink</a>","tarbase","mirtarbase tarbase",1.76601226675337e-10,0.564589603227695,0.00010043065094235,0.397649161187248,0.468172386437174,-0.0309684266284873,"hsa-mir-340-5p","hsa-mir-452-5p",3480,18.0449790640027,17.4509114902265,17.3198024454973,"17.5267063280135","18.0103624821583","18.4537357638393","18.6550388076137","18.4947333097919","17.2139121587016","18.5690670409727","16.4254115040268","17.9911321665504","16.3034077071875","18.3571711408376","17.3242147472451","18.3034113263547","18.8591867665497","18.2122696251381","18.160636494274","""""","""""","""""","""""","""""","""""","""""","""""","""""","""""","""""","""""","""""","""""","""""","""""","""""","""""","""""","""""","""""","""""","""""","""""","""""","""""","""""","""""","""""","""""","""""","""""",""""""
3486,"IGFBP3","hsa-mir-511-5p","hsa-mir-26a-1-3p",0.0045,FALSE,NA,NA,"<a href='https://pubmed.ncbi.nlm.nih.gov/15086466'>PubMedLink</a>
<a href='https://pubmed.ncbi.nlm.nih.gov/15661050'>PubMedLink</a>
<a href='https://pubmed.ncbi.nlm.nih.gov/15661050'>PubMedLink</a>
<a href='https://pubmed.ncbi.nlm.nih.gov/15753986'>PubMedLink</a>
<a href='https://pubmed.ncbi.nlm.nih.gov/1716700'>PubMedLink</a>
<a href='https://pubmed.ncbi.nlm.nih.gov/21314884'>PubMedLink</a>
<a href='https://pubmed.ncbi.nlm.nih.gov/27038904'>PubMedLink</a>
<a href='https://pubmed.ncbi.nlm.nih.gov/27976731'>PubMedLink</a>
<a href='https://pubmed.ncbi.nlm.nih.gov/28484923'>PubMedLink</a>","tarbase","tarbase",0.669884894195626,-0.047763344265251,2.36252264709917e-09,-0.694703548599148,5.580182563111e-09,0.229057591571759,"hsa-mir-26a-1-3p","hsa-mir-511-5p",3486,24.1411787642631,20.9838590650663,24.3361085504355,"23.1265684508041","25.2618189176108","21.4321138842877","23.0375535542772","24.0360671874945","23.5053931391735","24.1936806308552","25.6567828671296","24.2792552405078","23.6203358155261","""""","""""","""""","""""","""""","""""","""""","""""","""""","""""","""""","""""","""""","""""","""""","""""","""""","""""","""""","""""","""""","""""","""""","""""","""""","""""","""""","""""","""""","""""","""""","""""","""""","""""","""""","""""","""""","""""",""""""
3491,"CCN1","hsa-mir-155-5p","hsa-mir-616-3p",0.005,FALSE,NA,NA,"<a href='https://pubmed.ncbi.nlm.nih.gov/18212329'>PubMedLink</a>
<a href='https://pubmed.ncbi.nlm.nih.gov/18212329'>PubMedLink</a>
<a href='https://pubmed.ncbi.nlm.nih.gov/23744557'>PubMedLink</a>","mirtarbase tarbase","tarbase",5.40542274160442e-18,0.638657700761372,0.00327882754865852,0.553881989041478,0.298194301065796,-0.0406047140880759,"hsa-mir-616-3p","hsa-mir-155-5p",3491,21.3893843010625,22.6302119836586,20.7419449020607,"22.2730037799702","21.7180839102391","21.7162163204805","19.6917481205602","22.8720554904229","22.5198165904435","21.9256632374635","20.8103731549583","22.1173020147196","22.3825428516121","20.7084774835984","19.0642288454742","21.5884098295342","21.568719832632","19.6120707070647","22.623231127569","21.3119778151744","""""","""""","""""","""""","""""","""""","""""","""""","""""","""""","""""","""""","""""","""""","""""","""""","""""","""""","""""","""""","""""","""""","""""","""""","""""","""""","""""","""""","""""","""""","""""",""""""
3708,"ITPR1","hsa-mir-340-5p","hsa-mir-589-3p",0,FALSE,NA,NA,"<a href='https://pubmed.ncbi.nlm.nih.gov/25297632'>PubMedLink</a>","mirtarbase tarbase","tarbase",0.00010043065094235,0.397649161187248,0.995964694941145,0.00073571877458258,0.0680559428978242,-0.0787927037673592,"hsa-mir-589-3p","hsa-mir-340-5p",3708,17.4415550103694,18.1221044477033,18.0723200429217,"17.8509781938603","17.9531445886648","17.4897579575523","17.085549363487","17.9694707891304","18.864690306698","17.9127428078918","""""","""""","""""","""""","""""","""""","""""","""""","""""","""""","""""","""""","""""","""""","""""","""""","""""","""""","""""","""""","""""","""""","""""","""""","""""","""""","""""","""""","""""","""""","""""","""""","""""","""""","""""","""""","""""","""""","""""","""""","""""",""""""
3949,"LDLR","hsa-mir-204-5p","hsa-mir-150-5p",0.0065,FALSE,NA,NA,"<a href='https://pubmed.ncbi.nlm.nih.gov/29029037'>PubMedLink</a>
<a href='https://pubmed.ncbi.nlm.nih.gov/8555255'>PubMedLink</a>","tarbase","tarbase",9.29127013204704e-06,-0.286940414076031,0.0170689907095438,0.162113081263818,0.00161370344193733,-0.140726335182564,"hsa-mir-150-5p","hsa-mir-204-5p",3949,21.3970374996363,17.8465476900552,18.5631330750254,"17.7635245852009","16.9914583977197","15.0364635941244","17.3888055365684","16.402940160119","15.5828441541437","15.3312735775477","14.8040802653884","16.8520088727022","15.2668329681424","15.3418110521499","16.8546092399421","15.5032664164883","13.2761398593378","16.3180176565822","16.8155183077531","17.7200359326374","""""","""""","""""","""""","""""","""""","""""","""""","""""","""""","""""","""""","""""","""""","""""","""""","""""","""""","""""","""""","""""","""""","""""","""""","""""","""""","""""","""""","""""","""""","""""",""""""
3949,"LDLR","hsa-mir-223-5p","hsa-mir-452-3p",0.0045,FALSE,NA,NA,"<a href='https://pubmed.ncbi.nlm.nih.gov/29029037'>PubMedLink</a>
<a href='https://pubmed.ncbi.nlm.nih.gov/8555255'>PubMedLink</a>","mirtarbase","tarbase",0.00010213061535366,0.535203826816748,4.19401333484046e-11,0.966225486657634,0.00161370344193733,-0.140726335182564,"hsa-mir-452-3p","hsa-mir-223-5p",3949,16.1467832675567,14.3779801281877,21.3970374996363,"16.891172769867","18.5631330750254","16.9914583977197","15.2515171075143","13.7975003113995","15.0364635941244","15.7610846585734","15.6554554991768","15.7134379854189","14.4338559721998","16.7472092680374","15.4873918821674","16.3573382035924","16.3180176565822","17.7200359326374","""""","""""","""""","""""","""""","""""","""""","""""","""""","""""","""""","""""","""""","""""","""""","""""","""""","""""","""""","""""","""""","""""","""""","""""","""""","""""","""""","""""","""""","""""","""""","""""","""""",""""""
4286,"MITF","hsa-mir-340-5p","hsa-mir-155-5p",0.008,TRUE,NA,NA,"NA
<a href='https://pubmed.ncbi.nlm.nih.gov/12837690'>PubMedLink</a>
<a href='https://pubmed.ncbi.nlm.nih.gov/19496784'>PubMedLink</a>
<a href='https://pubmed.ncbi.nlm.nih.gov/22012259'>PubMedLink</a>
<a href='https://pubmed.ncbi.nlm.nih.gov/22012259'>PubMedLink</a>
<a href='https://pubmed.ncbi.nlm.nih.gov/22012259'>PubMedLink</a>
<a href='https://pubmed.ncbi.nlm.nih.gov/22012259'>PubMedLink</a>
<a href='https://pubmed.ncbi.nlm.nih.gov/22012259'>PubMedLink</a>
<a href='https://pubmed.ncbi.nlm.nih.gov/22012259'>PubMedLink</a>
<a href='https://pubmed.ncbi.nlm.nih.gov/22012259'>PubMedLink</a>
<a href='https://pubmed.ncbi.nlm.nih.gov/22012259'>PubMedLink</a>
<a href='https://pubmed.ncbi.nlm.nih.gov/22012259'>PubMedLink</a>
<a href='https://pubmed.ncbi.nlm.nih.gov/23038766'>PubMedLink</a>
<a href='https://pubmed.ncbi.nlm.nih.gov/23167872'>PubMedLink</a>
<a href='https://pubmed.ncbi.nlm.nih.gov/24290354'>PubMedLink</a>
<a href='https://pubmed.ncbi.nlm.nih.gov/24735727'>PubMedLink</a>
<a href='https://pubmed.ncbi.nlm.nih.gov/24899691'>PubMedLink</a>
<a href='https://pubmed.ncbi.nlm.nih.gov/24899691'>PubMedLink</a>
<a href='https://pubmed.ncbi.nlm.nih.gov/26650189'>PubMedLink</a>
<a href='https://pubmed.ncbi.nlm.nih.gov/26999813'>PubMedLink</a>
<a href='https://pubmed.ncbi.nlm.nih.gov/28787086'>PubMedLink</a>
<a href='https://pubmed.ncbi.nlm.nih.gov/28840857'>PubMedLink</a>
<a href='https://pubmed.ncbi.nlm.nih.gov/28840857'>PubMedLink</a>
<a href='https://pubmed.ncbi.nlm.nih.gov/29148086'>PubMedLink</a>
<a href='https://pubmed.ncbi.nlm.nih.gov/29148086'>PubMedLink</a>
<a href='https://pubmed.ncbi.nlm.nih.gov/30116909'>PubMedLink</a>
<a href='https://pubmed.ncbi.nlm.nih.gov/30622287'>PubMedLink</a>
<a href='https://pubmed.ncbi.nlm.nih.gov/30707172'>PubMedLink</a>
<a href='https://pubmed.ncbi.nlm.nih.gov/30908700'>PubMedLink</a>
<a href='https://pubmed.ncbi.nlm.nih.gov/31034483'>PubMedLink</a>
<a href='https://pubmed.ncbi.nlm.nih.gov/31034483'>PubMedLink</a>
<a href='https://pubmed.ncbi.nlm.nih.gov/31326218'>PubMedLink</a>","mirtarbase","mirtarbase",0.00010043065094235,0.397649161187248,5.40542274160442e-18,0.638657700761372,0.216940631607309,-0.0529094251215756,"hsa-mir-155-5p","hsa-mir-340-5p",4286,17.2750045167408,18.7603631223281,18.9080913021546,"16.9701649560692","19.0417426370031","18.4310111023617","18.6910372700322","16.0928266941106","17.8010538949743","17.5876124804591","18.5348118728012","17.4292328821912","17.0492993298834","17.1613296306044","17.9838021876682","18.3354801930661","18.3485803167525","18.1898835531694","16.3105698733611","""""","""""","""""","""""","""""","""""","""""","""""","""""","""""","""""","""""","""""","""""","""""","""""","""""","""""","""""","""""","""""","""""","""""","""""","""""","""""","""""","""""","""""","""""","""""","""""",""""""
5069,"PAPPA","hsa-mir-100-5p","hsa-mir-452-5p",0.009,FALSE,NA,"<a href='https://pubmed.ncbi.nlm.nih.gov/30419914'>PubMedLink</a>",NA,"tarbase","tarbase",0.960172410794639,-0.00281405365908129,1.76601226675337e-10,0.564589603227695,7.04450485880734e-16,-0.374029563786147,"hsa-mir-452-5p","hsa-mir-100-5p",5069,11.8663526113472,14.7348757439799,17.0268478382207,"9.26615369588717","16.3079603982218","13.4041006609622","13.7997143728957","14.831283391098","12.7255303693488","13.1064567927845","14.2975184715134","11.9558727504446","11.9242720085916","12.6434179632087","13.5195976960696","13.638954482048","11.5769374666425","17.5363975110133","13.0755248659829","13.7364202061572","13.8669355028553","""""","""""","""""","""""","""""","""""","""""","""""","""""","""""","""""","""""","""""","""""","""""","""""","""""","""""","""""","""""","""""","""""","""""","""""","""""","""""","""""","""""","""""","""""",""""""
7552,"ZNF711","hsa-mir-141-5p","hsa-mir-450b-5p",0.008,TRUE,NA,NA,NA,"tarbase","tarbase",2.87329165110764e-68,-2.10865169424516,0.230247467163856,0.106757821081092,0.268005406772526,-0.0502572980454478,"hsa-mir-450b-5p","hsa-mir-141-5p",7552,11.1451216723754,16.9746351139639,16.681069559269,"12.855001333613","16.3086744970316","12.5414884716106","16.4794691706041","16.2877132093964","15.1547729168159","16.7951180934782","16.1179487784667","14.4513379886349","17.1999520988794","17.3369494857485","16.3177521637324","17.1037035734048","""""","""""","""""","""""","""""","""""","""""","""""","""""","""""","""""","""""","""""","""""","""""","""""","""""","""""","""""","""""","""""","""""","""""","""""","""""","""""","""""","""""","""""","""""","""""","""""","""""","""""","""""",""""""
7552,"ZNF711","hsa-mir-141-5p","hsa-mir-629-3p",0.007,TRUE,NA,NA,NA,"tarbase","tarbase",2.87329165110764e-68,-2.10865169424516,1.29193975478257e-05,0.601301751680986,0.268005406772526,-0.0502572980454478,"hsa-mir-629-3p","hsa-mir-141-5p",7552,16.7396219909316,16.681069559269,16.2926833965148,"17.226559944172","16.44349665501","16.6732903712869","16.4450523896134","12.5414884716106","16.9405908055181","16.4794691706041","17.3765333048074","16.4237343776404","16.4975096329271","16.3177521637324","17.1037035734048","16.7554308236629","""""","""""","""""","""""","""""","""""","""""","""""","""""","""""","""""","""""","""""","""""","""""","""""","""""","""""","""""","""""","""""","""""","""""","""""","""""","""""","""""","""""","""""","""""","""""","""""","""""","""""","""""",""""""
8408,"ULK1","hsa-mir-146b-5p","hsa-mir-3065-3p",0.004,FALSE,NA,NA,NA,"tarbase","tarbase",0.00067393365800186,0.230490541419182,2.65068712278355e-08,-0.482091001698449,0.38674440582923,0.0375235552087793,"hsa-mir-3065-3p","hsa-mir-146b-5p",8408,19.1187430071142,19.0159048417445,18.0229260069958,"18.3360862670681","18.4655269943617","17.3665331226197","17.6280016298361","18.5882401376231","18.7902757551122","16.8576123339071","17.92079270616","17.1019028490197","18.9143584681202","""""","""""","""""","""""","""""","""""","""""","""""","""""","""""","""""","""""","""""","""""","""""","""""","""""","""""","""""","""""","""""","""""","""""","""""","""""","""""","""""","""""","""""","""""","""""","""""","""""","""""","""""","""""","""""","""""",""""""
8854,"ALDH1A2","hsa-mir-155-5p","hsa-mir-362-3p",0.0095,FALSE,NA,"<a href='https://pubmed.ncbi.nlm.nih.gov/26647877'>PubMedLink</a>",NA,"mirtarbase tarbase","tarbase",5.40542274160442e-18,0.638657700761372,0.00049475214537473,-0.485637275465429,4.00316982531247e-12,-0.313622658923373,"hsa-mir-362-3p","hsa-mir-155-5p",8854,13.3300684172208,14.6827810648668,13.4704309585099,"12.2899360364822","13.5355243286741","13.6876708309576","18.9797459305134","14.7128428089422","14.5399215379855","14.2752856668209","14.7393556990851","13.8216509930737","14.3318485967245","12.6539099825657","19.9645210874322","18.6594021945186","""""","""""","""""","""""","""""","""""","""""","""""","""""","""""","""""","""""","""""","""""","""""","""""","""""","""""","""""","""""","""""","""""","""""","""""","""""","""""","""""","""""","""""","""""","""""","""""","""""","""""","""""",""""""
10560,"SLC19A2","hsa-mir-146b-5p","hsa-mir-192-5p",0.0015,FALSE,NA,NA,NA,"tarbase","mirtarbase tarbase",0.00067393365800186,0.230490541419182,0.512163534243556,0.0356660401403946,0.00180399178460065,-0.135931429904835,"hsa-mir-192-5p","hsa-mir-146b-5p",10560,20.8678017517173,18.3523605277617,19.6445432840259,"13.4115723655685","17.5046791069273","18.3461697875579","15.798452991731","18.2335342519673","16.3260900683726","20.0932715020726","17.1367862845436","18.5617204420544","17.8064082516376","16.4267908307756","15.8949940180981","16.4683566215512","""""","""""","""""","""""","""""","""""","""""","""""","""""","""""","""""","""""","""""","""""","""""","""""","""""","""""","""""","""""","""""","""""","""""","""""","""""","""""","""""","""""","""""","""""","""""","""""","""""","""""","""""",""""""
10560,"SLC19A2","hsa-mir-192-5p","hsa-mir-122-5p",0.0015,FALSE,NA,NA,NA,"mirtarbase tarbase","mirtarbase tarbase",0.512163534243556,0.0356660401403946,2.14025696512547e-62,3.3429230263065,0.00180399178460065,-0.135931429904835,"hsa-mir-122-5p","hsa-mir-192-5p",10560,15.3814036908865,17.2350587728092,20.8678017517173,"18.3523605277617","16.2223981692014","19.6445432840259","16.4298259774562","13.4115723655685","16.422449228985","18.3461697875579","20.0932715020726","18.5617204420544","16.0104464205393","14.559778780073","17.246734878157","14.7967955174065","17.1656833154327","14.9259383615885","15.4817031501333","17.8064082516376","16.0831456406145","15.5776774268016","15.3270805617677","16.8348392768959","""""","""""","""""","""""","""""","""""","""""","""""","""""","""""","""""","""""","""""","""""","""""","""""","""""","""""","""""","""""","""""","""""","""""","""""","""""","""""","""""",""""""
10560,"SLC19A2","hsa-mir-215-5p","hsa-mir-122-5p",0,FALSE,NA,NA,NA,"mirtarbase tarbase","mirtarbase tarbase",3.75689929708068e-06,0.417810705471489,2.14025696512547e-62,3.3429230263065,0.00180399178460065,-0.135931429904835,"hsa-mir-122-5p","hsa-mir-215-5p",10560,16.6204264974341,18.5223116826633,15.3814036908865,"17.2350587728092","20.8678017517173","18.3523605277617","16.2223981692014","19.6445432840259","16.4298259774562","16.2507265822645","16.422449228985","18.3461697875579","17.2507394725898","20.0932715020726","17.0022868657884","18.5617204420544","14.559778780073","17.246734878157","14.7967955174065","17.1656833154327","14.9259383615885","15.4817031501333","15.3270805617677","16.8348392768959","""""","""""","""""","""""","""""","""""","""""","""""","""""","""""","""""","""""","""""","""""","""""","""""","""""","""""","""""","""""","""""","""""","""""","""""","""""","""""","""""",""""""
23731,"TMEM245","hsa-mir-424-5p","hsa-mir-340-5p",0.007,FALSE,NA,NA,NA,"mirtarbase tarbase","mirtarbase tarbase",0.821534998718057,-0.0147774517265685,0.00010043065094235,0.397649161187248,0.0288205629371372,-0.0906024856473862,"hsa-mir-340-5p","hsa-mir-424-5p",23731,18.0299822611547,19.1613936058189,17.7793191943047,"19.6059128240476","19.3966636078076","19.0754436981138","17.623585286146","19.0179256542484","19.1043969192959","20.3495840401537","18.5777114160874","18.6353245024141","17.4687866537282","17.8106676290307","17.6708465535301","17.957223408864","18.5497183398999","18.5682925510375","18.1247890778782","""""","""""","""""","""""","""""","""""","""""","""""","""""","""""","""""","""""","""""","""""","""""","""""","""""","""""","""""","""""","""""","""""","""""","""""","""""","""""","""""","""""","""""","""""","""""","""""",""""""
51430,"SUCO","hsa-mir-142-5p","hsa-mir-194-3p",0.004,FALSE,"<a href='https://pubmed.ncbi.nlm.nih.gov/24977165'>PubMedLink</a> <a href='https://pubmed.ncbi.nlm.nih.gov/28559989'>PubMedLink</a>",NA,NA,"tarbase","tarbase",5.16267666625075e-09,0.521902815160723,0.509332188115095,-0.063703195660513,0.263129138502066,-0.048467727972251,"hsa-mir-194-3p","hsa-mir-142-5p",51430,18.1269311176242,18.3889342132202,16.8603830469234,"16.5357395988504","18.1900331860669","17.5454397212083","17.6749035748501","16.8373423522243","16.8911552871462","16.6089035327929","17.6041196029242","18.1919419834079","17.558878126294","17.2711927075259","17.4594115441723","16.9557673395713","""""","""""","""""","""""","""""","""""","""""","""""","""""","""""","""""","""""","""""","""""","""""","""""","""""","""""","""""","""""","""""","""""","""""","""""","""""","""""","""""","""""","""""","""""","""""","""""","""""","""""","""""",""""""
53335,"BCL11A","hsa-mir-199a-3p","hsa-mir-182-5p",0.0055,TRUE,"<a href='https://pubmed.ncbi.nlm.nih.gov/24609899'>PubMedLink</a> <a href='https://pubmed.ncbi.nlm.nih.gov/24609899'>PubMedLink</a> <a href='https://pubmed.ncbi.nlm.nih.gov/29773428'>PubMedLink</a>","<a href='https://pubmed.ncbi.nlm.nih.gov/24886554'>PubMedLink</a>",NA,"tarbase","tarbase",3.36613682722652e-05,-0.25201299853444,0.0991293576132444,-0.0931909141424519,0.00382737922493053,0.148985426089592,"hsa-mir-182-5p","hsa-mir-199a-3p",53335,14.6443601419564,15.3726487383452,13.397015454967,"12.4372169941039","14.0259992319976","14.232698028129","13.0324113394602","13.4040888215712","13.6569123783132","14.6202894024955","14.9746717067402","13.9112997230191","""""","""""","""""","""""","""""","""""","""""","""""","""""","""""","""""","""""","""""","""""","""""","""""","""""","""""","""""","""""","""""","""""","""""","""""","""""","""""","""""","""""","""""","""""","""""","""""","""""","""""","""""","""""","""""","""""","""""",""""""
54845,"ESRP1","hsa-mir-18a-5p","hsa-mir-223-5p",0.006,FALSE,"<a href='https://pubmed.ncbi.nlm.nih.gov/30018727'>PubMedLink</a>",NA,"<a href='https://pubmed.ncbi.nlm.nih.gov/17145811'>PubMedLink</a>","tarbase","tarbase",0.00065951988861591,0.432113908815272,0.00010213061535366,0.535203826816748,6.33247151765617e-26,-0.757934312121894,"hsa-mir-223-5p","hsa-mir-18a-5p",54845,16.6987829613962,9.69499304203008,10.4108393908629,"10.3525395687784","18.1227120852683","17.5928584638037","14.7203740083603","-2","18.4683802256861","17.2919850822263","17.1975642660411","17.9326265434444","5.78929092966213","7.33099556510835","6.90151781874175","8.6159591203486","8.95410391024513","11.9624645919653","12.8960864773841","9.55773633494931","11.7084845403047","17.7985618148685","17.5086910128448","8.96477162019229","""""","""""","""""","""""","""""","""""","""""","""""","""""","""""","""""","""""","""""","""""","""""","""""","""""","""""","""""","""""","""""","""""","""""","""""","""""","""""","""""",""""""
54897,"CASZ1","hsa-mir-100-5p","hsa-mir-326",5e-04,TRUE,NA,NA,NA,"tarbase","tarbase",0.960172410794639,-0.00281405365908129,0.975502665547562,0.00353835257173612,3.70758515894013e-06,-0.218746897601455,"hsa-mir-326","hsa-mir-100-5p",54897,14.6485779556148,12.3881850324894,11.2781279489857,"13.9211002563033","14.4163193018303","14.5978016145939","11.8758355494552","14.8693134530093","12.7211748120129","12.1772368294692","13.3712118280534","13.990258693212","11.8886958931325","12.3419315266857","15.3870202204095","13.4550202308723","""""","""""","""""","""""","""""","""""","""""","""""","""""","""""","""""","""""","""""","""""","""""","""""","""""","""""","""""","""""","""""","""""","""""","""""","""""","""""","""""","""""","""""","""""","""""","""""","""""","""""","""""",""""""
54910,"SEMA4C","hsa-mir-222-5p","hsa-mir-362-3p",5e-04,FALSE,NA,"<a href='https://pubmed.ncbi.nlm.nih.gov/26647877'>PubMedLink</a>",NA,"tarbase","mirtarbase tarbase",0.0887430900364403,0.229949125586454,0.00049475214537473,-0.485637275465429,0.150123671272542,0.062840560695563,"hsa-mir-362-3p","hsa-mir-222-5p",54910,17.8646341460236,17.7851325084846,17.324604227934,"17.8153630129071","17.8390963974439","17.874279169914","17.5217597906445","17.9660290900452","17.7622731045361","16.7246148427145","16.7653309074815","""""","""""","""""","""""","""""","""""","""""","""""","""""","""""","""""","""""","""""","""""","""""","""""","""""","""""","""""","""""","""""","""""","""""","""""","""""","""""","""""","""""","""""","""""","""""","""""","""""","""""","""""","""""","""""","""""","""""","""""",""""""
64393,"ZMAT3","hsa-mir-340-5p","hsa-mir-616-5p",0.0035,FALSE,NA,NA,NA,"tarbase","mirtarbase",0.00010043065094235,0.397649161187248,0.00048284603259485,0.510832097121789,0.780729287282547,-0.0121119747997452,"hsa-mir-616-5p","hsa-mir-340-5p",64393,17.0467684479538,17.3846428680434,18.048581387122,"17.4455619614638","16.6597077670658","17.7654602874624","17.2295744235464","17.7333028258947","17.0121644697568","18.2878786566475","18.5055585632344","18.0790421642006","17.8408170564316","16.0592311386784","""""","""""","""""","""""","""""","""""","""""","""""","""""","""""","""""","""""","""""","""""","""""","""""","""""","""""","""""","""""","""""","""""","""""","""""","""""","""""","""""","""""","""""","""""","""""","""""","""""","""""","""""","""""","""""",""""""
64841,"GNPNAT1","hsa-mir-155-5p","hsa-mir-455-3p",0,FALSE,NA,NA,NA,"mirtarbase tarbase","mirtarbase",5.40542274160442e-18,0.638657700761372,0.859814537821747,0.011398467733473,0.0965280434797321,-0.0721155101529686,"hsa-mir-455-3p","hsa-mir-155-5p",64841,16.2298057853605,16.1652702121737,15.8831409311641,"16.5499477877126","17.9864036071755","19.0970475646659","19.117425850005","19.9982363580139","16.898711797256","16.41375711026","16.7633261715766","17.1152402503702","17.2285199811343","17.8658317360549","16.9810453708529","16.9297939537906","16.6891450960598","16.8558595543552","15.8249187729232","""""","""""","""""","""""","""""","""""","""""","""""","""""","""""","""""","""""","""""","""""","""""","""""","""""","""""","""""","""""","""""","""""","""""","""""","""""","""""","""""","""""","""""","""""","""""","""""",""""""
80315,"CPEB4","hsa-mir-181d-5p","hsa-mir-155-5p",0.001,FALSE,NA,NA,NA,"mirtarbase tarbase","mirtarbase",0.0004210894222551,0.38249037243054,5.40542274160442e-18,0.638657700761372,0.0303742766196483,-0.0914609812747644,"hsa-mir-155-5p","hsa-mir-181d-5p",80315,19.9911881429314,20.0628751685754,17.821780018324,"19.4905101064935","18.8498760951834","17.908445226895","19.3380694166522","17.1067407737385","17.6241192874395","18.8672969592369","17.4474505865599","18.3252147921791","17.4971569221978","18.7967413969047","17.9981872401487","""""","""""","""""","""""","""""","""""","""""","""""","""""","""""","""""","""""","""""","""""","""""","""""","""""","""""","""""","""""","""""","""""","""""","""""","""""","""""","""""","""""","""""","""""","""""","""""","""""","""""","""""","""""",""""""
84959,"UBASH3B","hsa-let-7f-5p","hsa-mir-192-5p",0.008,FALSE,NA,NA,"<a href='https://pubmed.ncbi.nlm.nih.gov/27840968'>PubMedLink</a>","tarbase","mirtarbase tarbase",0.566709554353403,-0.0300931756069192,0.512163534243556,0.0356660401403946,0.433938483992497,0.0371516392048104,"hsa-mir-192-5p","hsa-let-7f-5p",84959,15.1073509577408,13.6544730469483,16.5196305790152,"14.8111034763439","15.2200333816261","17.0333460064975","15.9819782832135","15.395526357021","14.0605051520439","15.3854712600014","16.0458328973443","17.2522338978148","16.1281378335764","15.5402623085011","15.4166720907853","""""","""""","""""","""""","""""","""""","""""","""""","""""","""""","""""","""""","""""","""""","""""","""""","""""","""""","""""","""""","""""","""""","""""","""""","""""","""""","""""","""""","""""","""""","""""","""""","""""","""""","""""","""""",""""""
117177,"RAB3IP","hsa-mir-142-3p","hsa-mir-493-5p",0.009,FALSE,"<a href='https://pubmed.ncbi.nlm.nih.gov/26893725'>PubMedLink</a>",NA,NA,"tarbase","mirtarbase",3.20092438318819e-05,0.255171116021858,1.37928805826532e-05,-0.550044862964965,0.194729985726278,-0.0563424033145073,"hsa-mir-493-5p","hsa-mir-142-3p",117177,16.7899080886894,17.8845694985333,17.0900341647062,"15.9425173390836","17.4081200167394","16.5222322762343","18.5260017423133","16.5854244823213","17.3446070799754","17.0568748335752","16.7909356474626","16.4917828285745","17.9048598595587","16.991116560094","16.5550412768937","16.2323284644341","16.0994157767079","17.4331515400912","""""","""""","""""","""""","""""","""""","""""","""""","""""","""""","""""","""""","""""","""""","""""","""""","""""","""""","""""","""""","""""","""""","""""","""""","""""","""""","""""","""""","""""","""""","""""","""""","""""",""""""
123041,"SLC24A4","hsa-mir-183-5p","hsa-mir-455-3p",0.0075,FALSE,NA,NA,NA,"mirtarbase","mirtarbase",0.00140551371208743,-0.194650790760886,0.859814537821747,0.011398467733473,3.58682069799978e-05,0.23262524222508,"hsa-mir-455-3p","hsa-mir-183-5p",123041,9.70363048010591,12.8063768033781,12.0073302821679,"12.2880971935127","11.258050181868","11.2324371990714","12.2510515275731","11.8820479389758","12.3181002783696","9.82568379116842","12.1167260352057","11.6761570084576","""""","""""","""""","""""","""""","""""","""""","""""","""""","""""","""""","""""","""""","""""","""""","""""","""""","""""","""""","""""","""""","""""","""""","""""","""""","""""","""""","""""","""""","""""","""""","""""","""""","""""","""""","""""","""""","""""","""""",""""""
150094,"SIK1","hsa-mir-629-3p","hsa-mir-616-3p",0.009,FALSE,NA,NA,NA,"tarbase","mirtarbase",1.29193975478257e-05,0.601301751680986,0.00327882754865852,0.553881989041478,0.189747799903273,-0.0697357330442393,"hsa-mir-616-3p","hsa-mir-629-3p",150094,16.1146043028781,11.6953201270542,15.3700126456964,"16.0422086159729","15.639037952023","9.95076056030557","15.9065230854132","12.6269434849734","15.7530565037133","9.22566475516103","14.155947123005","13.6011235550641","17.1181925063987","13.2146246893159","12.7921695227092","15.8768146726071","14.1065415520706","8.36555919113048","14.852429014826","14.5199454117067","14.814693569518","8.36749500751787","8.27775510920785","12.3570945791072","13.0075081274154","16.601787712575","15.2278216441194","13.1583586146944","13.7949431753725","7.251892532293","16.1813293710732","""""","""""","""""","""""","""""","""""","""""","""""","""""","""""","""""","""""","""""","""""","""""","""""","""""","""""","""""","""""",""""""
151888,"BTLA","hsa-mir-143-5p","hsa-mir-455-3p",0.006,FALSE,NA,NA,"<a href='https://pubmed.ncbi.nlm.nih.gov/27234378'>PubMedLink</a>","mirtarbase","mirtarbase",0.495593473423212,0.0519438396454713,0.859814537821747,0.011398467733473,0.00088002139898515,0.176535624197128,"hsa-mir-455-3p","hsa-mir-143-5p",151888,11.9742534178958,11.6825824124422,10.4564149898084,"11.4923494881016","12.8075583599593","9.72371205931082","10.0750311372821","14.6766805675307","11.4953364867754","14.6318925279571","11.8331724293871","12.1360780087135","12.1022398062255","13.2383253650839","12.3523607522781","12.7894490494327","12.7123194670617","12.594610430115","13.6430314922906","13.1296041757269","13.0205409391199","13.2479493441596","10.3526995471682","12.8034237976204","12.1194168594446","13.2058086925632","12.9237584031546","12.8672409401217","10.1916276558479","10.4692198466549","""""","""""","""""","""""","""""","""""","""""","""""","""""","""""","""""","""""","""""","""""","""""","""""","""""","""""","""""","""""","""""",""""""
285268,"ZNF621","hsa-mir-452-5p","hsa-mir-134-5p",0.006,TRUE,"<a href='https://pubmed.ncbi.nlm.nih.gov/30419914'>PubMedLink</a>",NA,NA,"mirtarbase tarbase","mirtarbase",1.76601226675337e-10,0.564589603227695,0.0026705271280448,-0.225346522561786,0.794402266661111,-0.0117112078811938,"hsa-mir-134-5p","hsa-mir-452-5p",285268,17.0637911680062,16.9417938627336,16.3293142432522,"15.4102939679265","16.8480428676711","16.5945438152198","16.356756756752","16.2307867157297","16.5059780892021","16.3813724188056","16.2573524375631","16.7221023497074","16.9802961018723","16.4875481386893","15.315850844743","14.9916105945604","16.4520897576936","15.2591574433427","16.6518352359031","16.6739682086756","""""","""""","""""","""""","""""","""""","""""","""""","""""","""""","""""","""""","""""","""""","""""","""""","""""","""""","""""","""""","""""","""""","""""","""""","""""","""""","""""","""""","""""","""""","""""",""""""
401474,"SAMD12","hsa-mir-539-5p","hsa-mir-381-3p",0.0025,FALSE,NA,NA,NA,"mirtarbase","tarbase",6.93373994527132e-09,-0.724400330192993,0.00842066011523623,-0.27853470180118,8.1445384031928e-07,-0.227347738549433,"hsa-mir-381-3p","hsa-mir-539-5p",401474,12.1320945786355,12.6053573354434,14.9957331135681,"15.4536161850957","13.2103660077313","15.5346984416967","14.9147470040952","15.0540783502615","16.9240715645168","16.2499203360351","14.8286274954637","13.7649199908608","13.985208963055","14.3871040899007","14.5860224216847","9.28590820952267","14.0240693140641","15.3705975523504","14.0092914277263","15.644707966755","15.414745322986","9.43355813745974","""""","""""","""""","""""","""""","""""","""""","""""","""""","""""","""""","""""","""""","""""","""""","""""","""""","""""","""""","""""","""""","""""","""""","""""","""""","""""","""""","""""","""""",""""""
728116,"ZBTB8B","hsa-mir-192-5p","hsa-mir-214-3p",0,TRUE,NA,NA,NA,"mirtarbase","mirtarbase",0.512163534243556,0.0356660401403946,2.10596113760834e-12,-0.917487845066717,3.62411497969659e-11,-0.534031733257453,"hsa-mir-214-3p","hsa-mir-192-5p",728116,8.04417488684632,6.89954688098291,8.04050405046887,"7.3884119220488","7.76137341041923","8.82162365974627","5.43150276286329","7.32803148239919","7.64932516044968","7.89314693678794","-2","""""","""""","""""","""""","""""","""""","""""","""""","""""","""""","""""","""""","""""","""""","""""","""""","""""","""""","""""","""""","""""","""""","""""","""""","""""","""""","""""","""""","""""","""""","""""","""""","""""","""""","""""","""""","""""","""""","""""","""""",""""""
728116,"ZBTB8B","hsa-mir-194-3p","hsa-mir-192-5p",0.004,TRUE,NA,NA,NA,"mirtarbase","mirtarbase",0.509332188115095,-0.063703195660513,0.512163534243556,0.0356660401403946,3.62411497969659e-11,-0.534031733257453,"hsa-mir-192-5p","hsa-mir-194-3p",728116,6.02280649078874,5.72621454134147,5.21095353302147,"8.04417488684632","5.6039236731946","6.89954688098291","6.26232265151928","6.55841819381273","8.04050405046887","-2","8.97802439972825","7.3884119220488","8.92468490006153","7.76137341041923","-2","6.23360639420122","8.10486624792857","6.11692404485883","8.82162365974627","5.28098060167963","6.8022092475733","5.43150276286329","7.14435040225598","6.19727837607936","6.24530299621483","7.91441086717154","5.32582957612572","6.11167104870484","6.34521969234067","7.11196076588443","6.22521145490892","7.03486882389784","6.23026552848765","7.0231756524107","-2","7.25424965845718","6.40699931671951","6.3583707651789","5.94888883069655","7.93341015896665","7.89314693678794","6.45895337384888","7.6348053350846","7.71941573365192","-2","-2","8.09112150398025","""""","""""","""""","""""",""""""
