"entrezgene_id","hgnc_symbol","mirna1","mirna2","Lancaster_XY_Z","is_mrna_tf","mirna1Literature","mirna2Literature","mrnaLiterature","miRNA1_mRNA_DB","miRNA2_mRNA_DB","mi2","mi1","mrna","_c3","_c4","_c5","_c6","_c7","_c8","_c9","_c10","_c11","_c12","_c13","_c14","_c15","_c16","_c17","_c18","_c19","_c20","_c21"
444,"ASPH","hsa-let-7c-5p","hsa-mir-96-5p",0.008,FALSE,NA,NA,NA,"tarbase","tarbase","hsa-mir-96-5p","hsa-let-7c-5p",444,17.3914153923066,18.3750809282667,"16.3503367557779","17.5125259955777","16.7201484258157","""""","""""","""""","""""","""""","""""","""""","""""","""""","""""","""""","""""","""""",""""""
472,"ATM","hsa-mir-320c","hsa-mir-1-3p",0.002,FALSE,NA,NA,"<a href='https://pubmed.ncbi.nlm.nih.gUVM/31377937'>PubMedLink</a>","tarbase","tarbase","hsa-mir-1-3p","hsa-mir-320c",472,16.4755285996727,16.511628276838,"15.9937445240334","15.4981262503498","""""","""""","""""","""""","""""","""""","""""","""""","""""","""""","""""","""""","""""","""""",""""""
774,"CACNA1B","hsa-mir-335-5p","hsa-mir-3150b-3p",0.0015,FALSE,NA,NA,NA,"mirtarbase tarbase","mirtarbase","hsa-mir-3150b-3p","hsa-mir-335-5p",774,13.7770465274387,13.2929119743528,"""""","""""","""""","""""","""""","""""","""""","""""","""""","""""","""""","""""","""""","""""","""""","""""",""""""
814,"CAMK4","hsa-mir-2116-3p","hsa-mir-629-3p",0.001,FALSE,NA,NA,NA,"mirtarbase","mirtarbase","hsa-mir-629-3p","hsa-mir-2116-3p",814,12.2860338188682,11.7723521775995,"14.1836494361215","11.4805559452483","13.1793606251793","14.1253788079866","""""","""""","""""","""""","""""","""""","""""","""""","""""","""""","""""","""""",""""""
836,"CASP3","hsa-mir-30a-3p","hsa-mir-129-5p",0.0065,FALSE,NA,NA,NA,"tarbase","tarbase","hsa-mir-129-5p","hsa-mir-30a-3p",836,17.3082211535284,17.0091753627555,"17.2142958089303","""""","""""","""""","""""","""""","""""","""""","""""","""""","""""","""""","""""","""""","""""","""""",""""""
864,"RUNX3","hsa-mir-106a-5p","hsa-mir-495-3p",0.004,TRUE,NA,NA,NA,"mirtarbase tarbase","mirtarbase","hsa-mir-495-3p","hsa-mir-106a-5p",864,16.0624664767165,16.1073685449232,"15.5237566788837","17.0129070351361","17.968929550162","""""","""""","""""","""""","""""","""""","""""","""""","""""","""""","""""","""""","""""",""""""
894,"CCND2","hsa-mir-32-5p","hsa-mir-424-5p",5e-04,FALSE,NA,NA,NA,"tarbase","mirtarbase tarbase","hsa-mir-424-5p","hsa-mir-32-5p",894,20.0485644423089,17.1856605732312,"18.777003040426","19.4628747555003","19.404224536709","19.2955293343194","18.4775944705574","19.5013890556326","19.997547384466","""""","""""","""""","""""","""""","""""","""""","""""","""""",""""""
1021,"CDK6","hsa-let-7b-5p","hsa-mir-145-5p",0.0035,FALSE,NA,NA,NA,"mirtarbase tarbase","mirtarbase","hsa-mir-145-5p","hsa-let-7b-5p",1021,15.7612429857056,16.3594615371699,"15.4503860639224","16.4123209718506","15.7354531743","15.9056635864839","16.4235033333158","15.7930175596662","16.5558357543623","16.1296916625561","14.6325415655074","""""","""""","""""","""""","""""","""""","""""",""""""
1021,"CDK6","hsa-mir-129-2-3p","hsa-let-7b-5p",0.0085,FALSE,NA,NA,NA,"mirtarbase","mirtarbase tarbase","hsa-let-7b-5p","hsa-mir-129-2-3p",1021,14.8942016935223,16.3594615371699,"15.4503860639224","16.4123209718506","15.7354531743","15.9056635864839","16.5303714379303","16.4235033333158","15.9793589132283","16.1296916625561","16.9105812278537","""""","""""","""""","""""","""""","""""","""""",""""""
1021,"CDK6","hsa-mir-145-5p","hsa-mir-582-5p",0.0095,FALSE,NA,NA,NA,"mirtarbase","tarbase","hsa-mir-582-5p","hsa-mir-145-5p",1021,14.5516256900769,16.4123209718506,"15.7627939632507","16.1296916625561","""""","""""","""""","""""","""""","""""","""""","""""","""""","""""","""""","""""","""""","""""",""""""
1021,"CDK6","hsa-mir-582-3p","hsa-mir-143-3p",0.005,FALSE,NA,NA,NA,"tarbase","tarbase","hsa-mir-143-3p","hsa-mir-582-3p",1021,14.8942016935223,16.8410709989499,"16.4123209718506","16.1296916625561","14.6325415655074","16.9105812278537","""""","""""","""""","""""","""""","""""","""""","""""","""""","""""","""""","""""",""""""
1021,"CDK6","hsa-mir-582-5p","hsa-mir-143-3p",0.0045,FALSE,NA,NA,NA,"tarbase","tarbase","hsa-mir-143-3p","hsa-mir-582-5p",1021,14.8942016935223,16.8410709989499,"15.8765082960883","16.4123209718506","16.1296916625561","16.9105812278537","""""","""""","""""","""""","""""","""""","""""","""""","""""","""""","""""","""""",""""""
1026,"CDKN1A","hsa-mir-101-3p","hsa-mir-106a-5p",0.0045,FALSE,"<a href='https://pubmed.ncbi.nlm.nih.gUVM/30186385'>PubMedLink</a>",NA,"<a href='https://pubmed.ncbi.nlm.nih.gUVM/30483120'>PubMedLink</a>","mirtarbase tarbase","mirtarbase tarbase","hsa-mir-106a-5p","hsa-mir-101-3p",1026,20.5333126678409,21.4045204284031,"17.5760408301167","21.1293480340576","20.8226739830028","20.6219189549909","19.8316210760826","20.3143202133601","20.8849420039138","""""","""""","""""","""""","""""","""""","""""","""""","""""",""""""
1026,"CDKN1A","hsa-mir-101-3p","hsa-mir-424-5p",0.0055,FALSE,"<a href='https://pubmed.ncbi.nlm.nih.gUVM/30186385'>PubMedLink</a>",NA,"<a href='https://pubmed.ncbi.nlm.nih.gUVM/30483120'>PubMedLink</a>","mirtarbase tarbase","tarbase","hsa-mir-424-5p","hsa-mir-101-3p",1026,21.4045204284031,21.1293480340576,"20.8226739830028","20.6219189549909","19.9147950361421","20.3143202133601","20.8144198608618","20.8001935605985","20.8849420039138","""""","""""","""""","""""","""""","""""","""""","""""","""""",""""""
1026,"CDKN1A","hsa-mir-424-5p","hsa-mir-106a-5p",5e-04,FALSE,NA,NA,"<a href='https://pubmed.ncbi.nlm.nih.gUVM/30483120'>PubMedLink</a>","tarbase","mirtarbase tarbase","hsa-mir-106a-5p","hsa-mir-424-5p",1026,21.4045204284031,21.1293480340576,"20.2251462097575","20.8226739830028","20.6219189549909","21.3312167287937","20.3143202133601","17.8408757658052","20.8849420039138","""""","""""","""""","""""","""""","""""","""""","""""","""""",""""""
1026,"CDKN1A","hsa-mir-548e-3p","hsa-mir-1304-5p",0.007,FALSE,NA,NA,"<a href='https://pubmed.ncbi.nlm.nih.gUVM/30483120'>PubMedLink</a>","mirtarbase","mirtarbase","hsa-mir-1304-5p","hsa-mir-548e-3p",1026,21.3312167287937,19.9758009443738,"21.1669283813902","20.1742450800835","20.8849420039138","""""","""""","""""","""""","""""","""""","""""","""""","""""","""""","""""","""""","""""",""""""
1063,"CENPF","hsa-mir-194-5p","hsa-mir-125b-5p",0.007,FALSE,NA,NA,NA,"tarbase","tarbase","hsa-mir-125b-5p","hsa-mir-194-5p",1063,15.8957475986752,16.2281874690887,"15.6813618535242","15.7822359759996","14.8044460743023","14.4092145192455","14.504056428204","""""","""""","""""","""""","""""","""""","""""","""""","""""","""""","""""",""""""
1191,"CLU","hsa-mir-424-5p","hsa-mir-20a-5p",0.005,FALSE,NA,NA,NA,"mirtarbase tarbase","tarbase","hsa-mir-20a-5p","hsa-mir-424-5p",1191,18.0037898956544,21.3518019403881,"22.8605918099287","16.7553786654174","19.683882207723","22.691944725819","16.4495647397978","22.2938848948198","23.9703896233012","22.5652639628267","17.066005896187","""""","""""","""""","""""","""""","""""","""""",""""""
1316,"KLF6","hsa-mir-10b-3p","hsa-mir-511-5p",0.0045,TRUE,NA,NA,NA,"tarbase","mirtarbase","hsa-mir-511-5p","hsa-mir-10b-3p",1316,18.7949720013637,18.7794727182821,"17.7204122863964","18.5569442167416","""""","""""","""""","""""","""""","""""","""""","""""","""""","""""","""""","""""","""""","""""",""""""
1373,"CPS1","hsa-mir-142-3p","hsa-mir-21-5p",0.0095,FALSE,"<a href='https://pubmed.ncbi.nlm.nih.gUVM/31213897'>PubMedLink</a>",NA,NA,"mirtarbase","tarbase","hsa-mir-21-5p","hsa-mir-142-3p",1373,10.5401810817055,15.2206459489907,"15.1408496494187","11.1557612634736","13.7252032857514","14.96415987662","10.4208934980282","10.4375406323787","13.8399516113661","15.4339360874606","13.4960426734531","15.8040850274301","11.9436307410531","""""","""""","""""","""""","""""",""""""
1408,"CRY2","hsa-let-7b-5p","hsa-mir-10b-5p",0,FALSE,NA,NA,NA,"mirtarbase tarbase","mirtarbase","hsa-mir-10b-5p","hsa-let-7b-5p",1408,18.4485668928912,18.138228415274,"17.384151013603","18.2732871509798","17.2947814556188","18.3449525493595","""""","""""","""""","""""","""""","""""","""""","""""","""""","""""","""""","""""",""""""
1408,"CRY2","hsa-mir-20a-5p","hsa-mir-10a-5p",0.0095,FALSE,NA,NA,NA,"mirtarbase tarbase","mirtarbase tarbase","hsa-mir-10a-5p","hsa-mir-20a-5p",1408,18.7496604674605,19.6857322562622,"18.138228415274","17.6344013895697","19.2973851956699","""""","""""","""""","""""","""""","""""","""""","""""","""""","""""","""""","""""","""""",""""""
1605,"DAG1","hsa-mir-10a-5p","hsa-mir-190a-5p",0.004,FALSE,NA,NA,NA,"tarbase","tarbase","hsa-mir-190a-5p","hsa-mir-10a-5p",1605,19.9676473003889,19.9821498594938,"20.4384870126478","20.6571218579526","18.7818121334883","""""","""""","""""","""""","""""","""""","""""","""""","""""","""""","""""","""""","""""",""""""
1783,"DYNC1LI2","hsa-let-7b-5p","hsa-let-7c-5p",0.0085,FALSE,NA,NA,NA,"tarbase","tarbase","hsa-let-7c-5p","hsa-let-7b-5p",1783,18.5748568654602,18.8331455764646,"19.3895690513501","18.2679116117026","""""","""""","""""","""""","""""","""""","""""","""""","""""","""""","""""","""""","""""","""""",""""""
1808,"DPYSL2","hsa-mir-30e-5p","hsa-mir-21-5p",0.0085,FALSE,NA,NA,"<a href='https://pubmed.ncbi.nlm.nih.gUVM/30816227'>PubMedLink</a>","tarbase","tarbase","hsa-mir-21-5p","hsa-mir-30e-5p",1808,18.4246760288876,17.4142965272982,"19.1401064393351","16.3270395962937","18.8191611557376","16.4952154778826","19.1745928143896","15.70121102319","19.6471282624197","""""","""""","""""","""""","""""","""""","""""","""""","""""",""""""
1829,"DSG2","hsa-mir-335-3p","hsa-mir-129-5p",0.0025,FALSE,NA,NA,NA,"tarbase","tarbase","hsa-mir-129-5p","hsa-mir-335-3p",1829,15.6809130083843,16.4085958555789,"16.0912537665316","15.3297609128686","16.2654472002998","18.1135108331368","""""","""""","""""","""""","""""","""""","""""","""""","""""","""""","""""","""""",""""""
1857,"DVL3","hsa-mir-10a-5p","hsa-mir-497-5p",0.0035,FALSE,NA,NA,NA,"mirtarbase","tarbase","hsa-mir-497-5p","hsa-mir-10a-5p",1857,22.3600634059391,20.5755682161187,"19.6258870548082","20.2524558965328","19.4696762756961","""""","""""","""""","""""","""""","""""","""""","""""","""""","""""","""""","""""","""""",""""""
1938,"EEF2","hsa-mir-155-5p","hsa-mir-642a-5p",0.002,FALSE,NA,NA,NA,"mirtarbase tarbase","mirtarbase","hsa-mir-642a-5p","hsa-mir-155-5p",1938,27.2740051154813,26.108641937517,"25.7335637599789","26.5422911158014","25.8204000826316","26.3681782676383","""""","""""","""""","""""","""""","""""","""""","""""","""""","""""","""""","""""",""""""
1958,"EGR1","hsa-mir-424-5p","hsa-mir-32-5p",0.0095,TRUE,NA,NA,NA,"tarbase","tarbase","hsa-mir-32-5p","hsa-mir-424-5p",1958,18.2093708922482,17.589641050079,"17.5746028545378","15.9479511098852","17.1074102157949","21.232170325031","18.6937271709717","18.9266076389657","21.735200410892","""""","""""","""""","""""","""""","""""","""""","""""","""""",""""""
1997,"ELF1","hsa-mir-30a-3p","hsa-mir-328-3p",0.0035,TRUE,NA,NA,NA,"tarbase","tarbase","hsa-mir-328-3p","hsa-mir-30a-3p",1997,19.0052606630298,17.8730158312553,"18.4068170857366","17.2442885045955","18.9890515570257","18.6179005704607","18.8386089314762","18.4523255345627","18.662178362797","18.2901938750475","17.3697449341573","18.7370967857128","""""","""""","""""","""""","""""","""""",""""""
2005,"ELK4","hsa-mir-221-5p","hsa-mir-1270",0.007,TRUE,NA,NA,NA,"tarbase","mirtarbase tarbase","hsa-mir-1270","hsa-mir-221-5p",2005,17.2281629125565,15.4065288568319,"17.13302510785","16.6920331581712","16.6652632834846","16.7443442493253","16.6443435586512","16.0666371524269","""""","""""","""""","""""","""""","""""","""""","""""","""""","""""",""""""
2005,"ELK4","hsa-mir-221-5p","hsa-mir-140-5p",0.0025,TRUE,NA,"<a href='https://pubmed.ncbi.nlm.nih.gUVM/29808799'>PubMedLink</a> <a href='https://pubmed.ncbi.nlm.nih.gUVM/30291212'>PubMedLink</a>",NA,"tarbase","tarbase","hsa-mir-140-5p","hsa-mir-221-5p",2005,17.2281629125565,16.0618233724067,"17.0338196002138","16.8414092899623","17.0542567640389","16.0666371524269","""""","""""","""""","""""","""""","""""","""""","""""","""""","""""","""""","""""",""""""
2182,"ACSL4","hsa-mir-1304-5p","hsa-mir-20b-5p",0.003,FALSE,NA,NA,NA,"tarbase","mirtarbase tarbase","hsa-mir-20b-5p","hsa-mir-1304-5p",2182,17.1849195484126,17.1899615456906,"17.0424841834685","16.8716768656048","16.653789247067","15.4645987208185","17.0413189711871","16.5041422172058","""""","""""","""""","""""","""""","""""","""""","""""","""""","""""",""""""
2232,"FDXR","hsa-mir-149-5p","hsa-mir-2355-5p",0.005,FALSE,NA,NA,NA,"tarbase","tarbase","hsa-mir-2355-5p","hsa-mir-149-5p",2232,19.4837583744278,18.6184698427792,"""""","""""","""""","""""","""""","""""","""""","""""","""""","""""","""""","""""","""""","""""","""""","""""",""""""
2649,"NR6A1","hsa-mir-10a-5p","hsa-mir-188-3p",0.003,TRUE,NA,NA,NA,"tarbase","tarbase","hsa-mir-188-3p","hsa-mir-10a-5p",2649,15.9915103175716,15.2242262009075,"15.2580476797142","12.447096663774","13.510915054075","""""","""""","""""","""""","""""","""""","""""","""""","""""","""""","""""","""""","""""",""""""
3178,"HNRNPA1","hsa-mir-636","hsa-mir-9-3p",5e-04,FALSE,NA,NA,NA,"mirtarbase","tarbase","hsa-mir-9-3p","hsa-mir-636",3178,22.754929117119,23.0006777026418,"22.5408354103177","22.9339954723934","""""","""""","""""","""""","""""","""""","""""","""""","""""","""""","""""","""""","""""","""""",""""""
3554,"IL1R1","hsa-mir-192-5p","hsa-mir-19b-3p",0.009,FALSE,NA,NA,NA,"mirtarbase tarbase","tarbase","hsa-mir-19b-3p","hsa-mir-192-5p",3554,14.1650483156192,18.6460362538274,"17.5512602682332","17.5702496110957","17.0678469586991","17.7394109865182","""""","""""","""""","""""","""""","""""","""""","""""","""""","""""","""""","""""",""""""
3656,"IRAK2","hsa-mir-34b-3p","hsa-mir-508-5p",0.0075,FALSE,NA,NA,NA,"mirtarbase","mirtarbase","hsa-mir-508-5p","hsa-mir-34b-3p",3656,13.6738567033078,14.2177027010278,"13.922791275469","13.9115138027443","12.9457003992469","14.4692801872675","13.0919157133441","14.5355619950953","""""","""""","""""","""""","""""","""""","""""","""""","""""","""""",""""""
3658,"IREB2","hsa-mir-320c","hsa-mir-194-5p",0.0025,FALSE,NA,NA,NA,"tarbase","tarbase","hsa-mir-194-5p","hsa-mir-320c",3658,16.4489609878908,16.8608291086637,"16.9592508647198","16.2502476602769","16.6177837720965","16.0960533231434","16.1242385094534","""""","""""","""""","""""","""""","""""","""""","""""","""""","""""","""""",""""""
3673,"ITGA2","hsa-mir-181c-5p","hsa-mir-106a-5p",0,FALSE,NA,NA,NA,"tarbase","mirtarbase","hsa-mir-106a-5p","hsa-mir-181c-5p",3673,12.3881874494123,12.3559699100045,"11.812967931293","13.2131865139054","13.8544743570861","13.2743820477606","9.47614172546385","9.93889627701986","13.644537078989","""""","""""","""""","""""","""""","""""","""""","""""","""""",""""""
3720,"JARID2","hsa-mir-33a-5p","hsa-mir-19a-3p",5e-04,FALSE,NA,NA,NA,"tarbase","mirtarbase","hsa-mir-19a-3p","hsa-mir-33a-5p",3720,18.5807822813289,18.6617112952879,"18.4878871430263","18.2789273846059","17.9405932495002","18.2550937225119","17.6806605166341","18.5701382129653","17.8390221484165","17.4613396158383","""""","""""","""""","""""","""""","""""","""""","""""",""""""
3752,"KCND3","hsa-mir-20b-5p","hsa-mir-1304-5p",0.009,FALSE,NA,NA,NA,"mirtarbase","mirtarbase","hsa-mir-1304-5p","hsa-mir-20b-5p",3752,16.2783141996593,15.7731582426615,"17.2193277330484","17.5471772130101","17.2837890843666","16.4954892654211","18.2330582719753","17.1016179107013","""""","""""","""""","""""","""""","""""","""""","""""","""""","""""",""""""
3796,"KIF2A","hsa-mir-34b-3p","hsa-mir-222-5p",0.002,FALSE,NA,NA,NA,"tarbase","tarbase","hsa-mir-222-5p","hsa-mir-34b-3p",3796,16.7919593020892,16.9993534123201,"""""","""""","""""","""""","""""","""""","""""","""""","""""","""""","""""","""""","""""","""""","""""","""""",""""""
4012,"LNPEP","hsa-mir-221-3p","hsa-mir-636",0.0045,FALSE,NA,NA,NA,"tarbase","mirtarbase","hsa-mir-636","hsa-mir-221-3p",4012,14.3141792951966,16.173653437891,"16.1305063811231","16.2847251146317","16.2173093191763","""""","""""","""""","""""","""""","""""","""""","""""","""""","""""","""""","""""","""""",""""""
4179,"CD46","hsa-mir-328-3p","hsa-mir-30a-3p",0.002,FALSE,NA,NA,NA,"tarbase","tarbase","hsa-mir-30a-3p","hsa-mir-328-3p",4179,18.5734209088554,17.0122995070018,"18.1765043817217","16.4372805242245","18.6706880834783","18.5225995874946","18.3153500838688","17.8936174597067","18.6791175334934","17.8781634878079","16.9990020517457","17.8515228130079","""""","""""","""""","""""","""""","""""",""""""
4193,"MDM2","hsa-mir-590-3p","hsa-mir-20b-5p",0.006,FALSE,NA,NA,"<a href='https://pubmed.ncbi.nlm.nih.gUVM/12365913'>PubMedLink</a>","mirtarbase tarbase","mirtarbase tarbase","hsa-mir-20b-5p","hsa-mir-590-3p",4193,16.8295041781137,18.6338484805328,"17.5918917946062","""""","""""","""""","""""","""""","""""","""""","""""","""""","""""","""""","""""","""""","""""","""""",""""""
4211,"MEIS1","hsa-mir-424-5p","hsa-mir-15a-5p",0.0045,TRUE,NA,NA,NA,"tarbase","tarbase","hsa-mir-15a-5p","hsa-mir-424-5p",4211,14.5591188919291,13.9952192970519,"14.5695111858185","13.8085640642285","14.4973229116633","16.1326543317649","12.8818292942981","""""","""""","""""","""""","""""","""""","""""","""""","""""","""""","""""",""""""
4293,"MAP3K9","hsa-mir-15a-5p","hsa-mir-301a-3p",0.0015,FALSE,NA,NA,NA,"tarbase","mirtarbase tarbase","hsa-mir-301a-3p","hsa-mir-15a-5p",4293,14.6626704146801,14.2563592773349,"14.401160584367","15.3951538346414","14.6739173613359","15.5485208567707","14.8451155673429","14.0067689297619","""""","""""","""""","""""","""""","""""","""""","""""","""""","""""",""""""
4293,"MAP3K9","hsa-mir-301a-3p","hsa-mir-20a-5p",0.0015,FALSE,NA,NA,NA,"mirtarbase tarbase","tarbase","hsa-mir-20a-5p","hsa-mir-301a-3p",4293,14.6626704146801,13.6523881072076,"13.7024506165453","14.2563592773349","14.401160584367","15.3951538346414","14.6739173613359","15.5485208567707","14.8451155673429","14.0067689297619","""""","""""","""""","""""","""""","""""","""""","""""",""""""
4673,"NAP1L1","hsa-mir-145-5p","hsa-mir-196b-5p",0.006,FALSE,NA,NA,NA,"tarbase","mirtarbase tarbase","hsa-mir-196b-5p","hsa-mir-145-5p",4673,18.9267293398246,19.6723068216198,"20.2942126301292","20.0844495843807","20.5543387061724","18.7614856608744","""""","""""","""""","""""","""""","""""","""""","""""","""""","""""","""""","""""",""""""
4853,"NOTCH2","hsa-mir-939-5p","hsa-mir-497-5p",0.0085,FALSE,NA,NA,NA,"tarbase","mirtarbase tarbase","hsa-mir-497-5p","hsa-mir-939-5p",4853,18.3333512259743,18.2574528931652,"17.8868681041337","16.7375046427314","18.0619434171543","17.311876801616","""""","""""","""""","""""","""""","""""","""""","""""","""""","""""","""""","""""",""""""
4884,"NPTX1","hsa-mir-421","hsa-mir-129-5p",0.003,FALSE,NA,NA,NA,"mirtarbase tarbase","mirtarbase tarbase","hsa-mir-129-5p","hsa-mir-421",4884,16.8981145808367,13.2252180628957,"15.6740849422108","13.5684058240167","""""","""""","""""","""""","""""","""""","""""","""""","""""","""""","""""","""""","""""","""""",""""""
4939,"OAS2","hsa-mir-1270","hsa-mir-219a-1-3p",0.004,FALSE,NA,NA,NA,"mirtarbase","tarbase","hsa-mir-219a-1-3p","hsa-mir-1270",4939,15.5993770427764,14.859882727416,"17.5977078278046","16.0242182649963","17.78264704849","17.3231168044232","17.5952531947552","14.9318024964885","16.9975294277771","16.550033740565","15.86694558627","18.0800151449864","15.8951212759575","""""","""""","""""","""""","""""",""""""
5087,"PBX1","hsa-mir-142-3p","hsa-mir-21-5p",0.0095,TRUE,"<a href='https://pubmed.ncbi.nlm.nih.gUVM/31213897'>PubMedLink</a>",NA,NA,"tarbase","mirtarbase tarbase","hsa-mir-21-5p","hsa-mir-142-3p",5087,13.1782221838473,15.9555509076429,"16.4237670525143","15.3229101544336","15.6703873195148","14.356819045822","14.8364947126342","13.5187900802102","15.8908243299318","17.0475970067736","16.4727602447633","14.4284135836585","16.4213230392416","""""","""""","""""","""""","""""",""""""
5101,"PCDH9","hsa-mir-19a-3p","hsa-mir-15a-5p",0.0035,FALSE,NA,NA,NA,"tarbase","tarbase","hsa-mir-15a-5p","hsa-mir-19a-3p",5101,10.2872321988533,5.17183836300519,"9.71630215960002","9.5596316546302","9.58793693133689","8.83305812807035","7.63307066655122","9.40134337973311","9.64969587312523","9.44134084211122","13.8899868352631","""""","""""","""""","""""","""""","""""","""""",""""""
5139,"PDE3A","hsa-mir-421","hsa-mir-3680-3p",0.0045,FALSE,NA,NA,NA,"tarbase","mirtarbase","hsa-mir-3680-3p","hsa-mir-421",5139,16.9103802796801,19.0507490027044,"12.9799621259762","16.674133051194","16.9211603872765","18.2719574199788","14.0781675749549","18.7706532570855","16.687718734123","15.02044407983","""""","""""","""""","""""","""""","""""","""""","""""",""""""
5241,"PGR","hsa-mir-19b-3p","hsa-mir-181b-5p",0.009,TRUE,NA,NA,NA,"tarbase","tarbase","hsa-mir-181b-5p","hsa-mir-19b-3p",5241,8.609112541589,9.28578430329935,"8.33280768280351","""""","""""","""""","""""","""""","""""","""""","""""","""""","""""","""""","""""","""""","""""","""""",""""""
5292,"PIM1","hsa-mir-486-5p","hsa-mir-195-5p",0.004,FALSE,NA,NA,NA,"mirtarbase","mirtarbase","hsa-mir-195-5p","hsa-mir-486-5p",5292,16.8411368940526,15.8226035932385,"18.0893264232507","17.0533779646544","15.4891821403692","16.8999418128297","16.2731198764124","""""","""""","""""","""""","""""","""""","""""","""""","""""","""""","""""",""""""
5351,"PLOD1","hsa-mir-106a-5p","hsa-mir-142-3p",0.001,FALSE,NA,"<a href='https://pubmed.ncbi.nlm.nih.gUVM/31213897'>PubMedLink</a>",NA,"tarbase","tarbase","hsa-mir-142-3p","hsa-mir-106a-5p",5351,21.2243519717088,21.5256255182661,"22.5198909626665","21.0381726501784","20.8966996695097","21.7928556818862","21.4545473594594","19.6306658352167","""""","""""","""""","""""","""""","""""","""""","""""","""""","""""",""""""
5396,"PRRX1","hsa-mir-30a-3p","hsa-mir-30a-5p",0.0095,TRUE,NA,NA,NA,"tarbase","tarbase","hsa-mir-30a-5p","hsa-mir-30a-3p",5396,14.9492175776376,11.1176478404203,"12.722202472661","13.0669083769194","12.2093602493101","13.7987735265508","14.4212273599754","11.6958350943753","13.3880618653058","14.681015393552","13.168021215109","12.5782373528089","""""","""""","""""","""""","""""","""""",""""""
5452,"POU2F2","hsa-mir-133a-3p","hsa-mir-20a-3p",0.007,TRUE,NA,NA,NA,"mirtarbase","tarbase","hsa-mir-20a-3p","hsa-mir-133a-3p",5452,11.6448315032871,13.8983924506865,"15.7212574054678","11.656875908454","""""","""""","""""","""""","""""","""""","""""","""""","""""","""""","""""","""""","""""","""""",""""""
5516,"PPP2CB","hsa-mir-142-5p","hsa-mir-188-3p",0.004,FALSE,NA,NA,NA,"tarbase","tarbase","hsa-mir-188-3p","hsa-mir-142-5p",5516,18.7017525620501,18.4986741862528,"18.9488704696503","19.0205985567171","17.6095528514167","18.9445784334816","18.3591925494353","19.0420200948745","""""","""""","""""","""""","""""","""""","""""","""""","""""","""""",""""""
5562,"PRKAA1","hsa-mir-30a-3p","hsa-mir-328-3p",0.0025,FALSE,NA,NA,NA,"tarbase","tarbase","hsa-mir-328-3p","hsa-mir-30a-3p",5562,17.2832647288527,16.0639911283117,"16.8115387321126","15.6052734297651","17.4954935300597","17.5547485379742","17.4039462544655","16.9429858517322","17.1687623161459","16.7127839607793","15.5042902338556","16.6253850745304","""""","""""","""""","""""","""""","""""",""""""
5563,"PRKAA2","hsa-mir-590-3p","hsa-mir-21-5p",0.0085,FALSE,NA,NA,NA,"tarbase","tarbase","hsa-mir-21-5p","hsa-mir-590-3p",5563,12.6127902368047,7.44108045389564,"8.74914112305268","12.3419420743168","15.063255814046","9.06383392445244","12.0784616989386","""""","""""","""""","""""","""""","""""","""""","""""","""""","""""","""""",""""""
5618,"PRLR","hsa-mir-20b-5p","hsa-mir-30e-5p",0.0035,FALSE,NA,NA,NA,"tarbase","tarbase","hsa-mir-30e-5p","hsa-mir-20b-5p",5618,10.8575559642205,10.7709388242683,"-2","11.3177968344558","11.1315593618298","8.53701009185854","""""","""""","""""","""""","""""","""""","""""","""""","""""","""""","""""","""""",""""""
5655,"KLK10","hsa-mir-939-5p","hsa-mir-143-3p",0.0045,FALSE,NA,NA,NA,"mirtarbase","mirtarbase","hsa-mir-143-3p","hsa-mir-939-5p",5655,10.0522354641459,11.2043795260651,"10.2483538959923","11.3913960505986","12.5979463157769","""""","""""","""""","""""","""""","""""","""""","""""","""""","""""","""""","""""","""""",""""""
6018,"RLF","hsa-mir-203a-3p","hsa-let-7b-5p",0.0075,TRUE,NA,NA,NA,"tarbase","tarbase","hsa-let-7b-5p","hsa-mir-203a-3p",6018,16.0605785691306,16.639190936908,"16.3905467762365","16.4696274835578","15.5588733790539","15.9534108577483","""""","""""","""""","""""","""""","""""","""""","""""","""""","""""","""""","""""",""""""
6096,"RORB","hsa-mir-19b-3p","hsa-mir-590-3p",0.001,TRUE,NA,NA,NA,"tarbase","tarbase","hsa-mir-590-3p","hsa-mir-19b-3p",6096,12.9430028543868,11.1756510618741,"11.1672123659924","12.3702386345343","9.97559751741857","13.9412920012851","17.6057878017348","""""","""""","""""","""""","""""","""""","""""","""""","""""","""""","""""",""""""
6229,"RPS24","hsa-mir-22-5p","hsa-mir-10b-3p",0.004,FALSE,NA,NA,NA,"mirtarbase tarbase","mirtarbase","hsa-mir-10b-3p","hsa-mir-22-5p",6229,23.7471915247583,23.5217059516534,"23.0370571852548","23.3976249465261","23.7068290704127","""""","""""","""""","""""","""""","""""","""""","""""","""""","""""","""""","""""","""""",""""""
6297,"SALL2","hsa-mir-140-5p","hsa-mir-424-5p",0.0015,TRUE,"<a href='https://pubmed.ncbi.nlm.nih.gUVM/29808799'>PubMedLink</a> <a href='https://pubmed.ncbi.nlm.nih.gUVM/30291212'>PubMedLink</a>",NA,NA,"tarbase","tarbase","hsa-mir-424-5p","hsa-mir-140-5p",6297,17.5996885357162,15.9127060718276,"14.1120836030367","15.7581979714893","14.7707229600359","16.5788116748318","17.9737103284424","17.0245947336967","""""","""""","""""","""""","""""","""""","""""","""""","""""","""""",""""""
6310,"ATXN1","hsa-mir-19b-3p","hsa-mir-30a-3p",0.0045,FALSE,NA,NA,NA,"mirtarbase tarbase","tarbase","hsa-mir-30a-3p","hsa-mir-19b-3p",6310,14.6227655826738,15.2088565262228,"13.5216209914061","15.7395296476066","15.7372542673478","""""","""""","""""","""""","""""","""""","""""","""""","""""","""""","""""","""""","""""",""""""
6383,"SDC2","hsa-mir-20b-5p","hsa-mir-590-3p",0.005,FALSE,NA,NA,NA,"tarbase","tarbase","hsa-mir-590-3p","hsa-mir-20b-5p",6383,15.5647292756424,18.9929911402608,"17.7069116768831","""""","""""","""""","""""","""""","""""","""""","""""","""""","""""","""""","""""","""""","""""","""""",""""""
6446,"SGK1","hsa-mir-19b-3p","hsa-mir-222-5p",0.006,FALSE,NA,NA,NA,"mirtarbase tarbase","tarbase","hsa-mir-222-5p","hsa-mir-19b-3p",6446,16.0577296016365,18.1760709819587,"19.2106773771212","17.7737027456535","""""","""""","""""","""""","""""","""""","""""","""""","""""","""""","""""","""""","""""","""""",""""""
6446,"SGK1","hsa-mir-30a-3p","hsa-mir-29c-3p",0.0025,FALSE,NA,NA,NA,"tarbase","mirtarbase tarbase","hsa-mir-29c-3p","hsa-mir-30a-3p",6446,17.2596667607372,16.0577296016365,"18.1760709819587","17.533922455118","16.4772753728518","17.3069754076539","17.7737027456535","""""","""""","""""","""""","""""","""""","""""","""""","""""","""""","""""",""""""
6515,"SLC2A3","hsa-mir-106a-5p","hsa-mir-424-5p",0,FALSE,NA,NA,NA,"mirtarbase","mirtarbase tarbase","hsa-mir-424-5p","hsa-mir-106a-5p",6515,15.9408900813648,15.5042043797143,"15.5897564471045","15.6363348261383","16.4381109066508","15.6325767286153","14.2387338822829","12.9813789781265","18.1237528023662","""""","""""","""""","""""","""""","""""","""""","""""","""""",""""""
6535,"SLC6A8","hsa-mir-145-3p","hsa-mir-424-5p",0.0075,FALSE,NA,NA,NA,"tarbase","tarbase","hsa-mir-424-5p","hsa-mir-145-3p",6535,22.1806109559892,22.1885845133438,"22.7851920734056","21.6557064335001","21.6296539173727","20.2632135689744","21.097341956106","""""","""""","""""","""""","""""","""""","""""","""""","""""","""""","""""",""""""
6648,"SOD2","hsa-mir-30a-3p","hsa-mir-548e-3p",0.008,FALSE,NA,NA,NA,"tarbase","tarbase","hsa-mir-548e-3p","hsa-mir-30a-3p",6648,17.2272771857126,18.2657615230538,"19.2153213551348","18.8382666102893","19.4464663936817","18.1859394114321","""""","""""","""""","""""","""""","""""","""""","""""","""""","""""","""""","""""",""""""
7037,"TFRC","hsa-mir-197-3p","hsa-mir-506-3p",5e-04,FALSE,NA,"<a href='https://pubmed.ncbi.nlm.nih.gUVM/30080301'>PubMedLink</a>",NA,"tarbase","tarbase","hsa-mir-506-3p","hsa-mir-197-3p",7037,17.200054270572,16.1183463399658,"15.9375825842956","16.2261693088466","17.6375242197752","16.1477760323208","16.7507260266072","17.9231348294484","16.6882953776348","17.2466189379558","16.4867249473935","16.8477423710346","""""","""""","""""","""""","""""","""""",""""""
7057,"THBS1","hsa-mir-22-5p","hsa-mir-34a-3p",0.0095,FALSE,NA,NA,NA,"tarbase","tarbase","hsa-mir-34a-3p","hsa-mir-22-5p",7057,15.8188550027876,12.1501874461735,"13.8095629556031","15.0321618284776","16.7072675831194","17.0768160181186","13.6920095918407","""""","""""","""""","""""","""""","""""","""""","""""","""""","""""","""""",""""""
7431,"VIM","hsa-mir-21-5p","hsa-mir-34a-3p",0.0045,FALSE,NA,NA,"<a href='https://pubmed.ncbi.nlm.nih.gUVM/9484713'>PubMedLink</a>","tarbase","tarbase","hsa-mir-34a-3p","hsa-mir-21-5p",7431,26.5444212904055,26.3449486792181,"24.9559626829784","""""","""""","""""","""""","""""","""""","""""","""""","""""","""""","""""","""""","""""","""""","""""",""""""
7465,"WEE1","hsa-mir-130a-5p","hsa-mir-29c-3p",0.0085,FALSE,NA,NA,NA,"mirtarbase","tarbase","hsa-mir-29c-3p","hsa-mir-130a-5p",7465,15.4318840061759,16.6288762378631,"15.9883982753334","15.5455483761844","15.517891739746","""""","""""","""""","""""","""""","""""","""""","""""","""""","""""","""""","""""","""""",""""""
7552,"ZNF711","hsa-mir-760","hsa-mir-511-5p",0.003,TRUE,NA,NA,NA,"tarbase","mirtarbase tarbase","hsa-mir-511-5p","hsa-mir-760",7552,12.694796914321,12.1932061359682,"14.4714744073664","11.7478495208059","14.3010761221502","11.7638847319397","15.3396787192542","""""","""""","""""","""""","""""","""""","""""","""""","""""","""""","""""",""""""
7705,"ZNF146","hsa-mir-582-5p","hsa-let-7b-5p",0.006,TRUE,NA,NA,NA,"tarbase","tarbase","hsa-let-7b-5p","hsa-mir-582-5p",7705,18.1127139151417,18.8642318882828,"18.5537289646685","18.7768767255082","18.6870569029801","""""","""""","""""","""""","""""","""""","""""","""""","""""","""""","""""","""""","""""",""""""
7832,"BTG2","hsa-mir-491-5p","hsa-mir-125b-2-3p",0.001,FALSE,NA,NA,NA,"tarbase","mirtarbase tarbase","hsa-mir-125b-2-3p","hsa-mir-491-5p",7832,18.2249822223778,18.2449900735562,"18.6620249193366","17.6560179680385","19.7847820534128","17.9108941525709","18.5823930647316","18.911887242775","16.6666348519218","18.3286996647634","""""","""""","""""","""""","""""","""""","""""","""""",""""""
7832,"BTG2","hsa-mir-491-5p","hsa-mir-219a-1-3p",0.0055,FALSE,NA,NA,NA,"tarbase","mirtarbase","hsa-mir-219a-1-3p","hsa-mir-491-5p",7832,18.2249822223778,17.0597424386922,"18.2449900735562","18.6620249193366","17.9108941525709","18.5823930647316","18.911887242775","18.3286996647634","""""","""""","""""","""""","""""","""""","""""","""""","""""","""""",""""""
8038,"ADAM12","hsa-mir-181b-5p","hsa-mir-135b-5p",0.0095,FALSE,NA,NA,NA,"tarbase","mirtarbase","hsa-mir-135b-5p","hsa-mir-181b-5p",8038,18.1055423848433,17.1838774478227,"17.1765294748467","""""","""""","""""","""""","""""","""""","""""","""""","""""","""""","""""","""""","""""","""""","""""",""""""
8204,"NRIP1","hsa-mir-145-5p","hsa-mir-432-5p",0.004,FALSE,NA,NA,NA,"tarbase","tarbase","hsa-mir-432-5p","hsa-mir-145-5p",8204,16.1808488560754,16.6924547144793,"15.6237676003499","15.7622167156246","16.5886084772606","16.6258025733945","""""","""""","""""","""""","""""","""""","""""","""""","""""","""""","""""","""""",""""""
8471,"IRS4","hsa-mir-326","hsa-mir-330-5p",0.007,FALSE,NA,NA,NA,"tarbase","mirtarbase","hsa-mir-330-5p","hsa-mir-326",8471,9.60288644659237,9.93498185897246,"14.9013184741767","8.79195372574892","14.5860410883329","15.7293565148415","14.5611422162906","14.1541488200446","14.9559628800017","15.3292420814198","13.0867525819028","14.4918508964435","""""","""""","""""","""""","""""","""""",""""""
8503,"PIK3R3","hsa-mir-29c-3p","hsa-mir-181c-5p",0.003,FALSE,NA,NA,NA,"tarbase","tarbase","hsa-mir-181c-5p","hsa-mir-29c-3p",8503,15.9378990425964,16.2670934557595,"15.8816924916953","15.3177781329366","14.8085489000054","15.6890171695606","15.2687681638611","15.3303081625579","15.9223615902567","14.7187163863373","16.6318355845187","15.7791263184624","17.1831788695356","""""","""""","""""","""""","""""",""""""
8744,"TNFSF9","hsa-mir-424-5p","hsa-mir-374a-5p",0.006,FALSE,NA,NA,NA,"mirtarbase tarbase","mirtarbase","hsa-mir-374a-5p","hsa-mir-424-5p",8744,18.7047198075928,18.5592131908676,"18.9293799181973","17.953932753869","16.6478864545855","17.9205686735661","18.7697461733494","18.8124671076952","18.1224665235332","17.6195164729117","16.435645953944","18.8989986917466","""""","""""","""""","""""","""""","""""",""""""
8904,"CPNE1","hsa-mir-3065-3p","hsa-mir-424-5p",5e-04,FALSE,NA,NA,NA,"tarbase","tarbase","hsa-mir-424-5p","hsa-mir-3065-3p",8904,22.0491966723097,20.7874772784024,"19.060470332986","20.5353765234645","22.0376767025557","20.7454709158857","21.6653318398935","""""","""""","""""","""""","""""","""""","""""","""""","""""","""""","""""",""""""
8914,"TIMELESS","hsa-mir-508-5p","hsa-mir-19a-3p",0.001,FALSE,NA,NA,NA,"mirtarbase","tarbase","hsa-mir-19a-3p","hsa-mir-508-5p",8914,17.5243534035738,16.9087600535809,"17.969560118435","""""","""""","""""","""""","""""","""""","""""","""""","""""","""""","""""","""""","""""","""""","""""",""""""
9134,"CCNE2","hsa-mir-548b-3p","hsa-mir-30a-5p",0.006,FALSE,NA,NA,NA,"tarbase","mirtarbase tarbase","hsa-mir-30a-5p","hsa-mir-548b-3p",9134,14.3025973844954,12.9315972027426,"10.5252321242535","11.8188234333946","14.0603278084574","14.0292043996668","13.9773186303866","13.8313373248183","11.5155616537106","11.4328371424206","12.432700747496","12.3529719526782","""""","""""","""""","""""","""""","""""",""""""
9194,"SLC16A7","hsa-mir-301a-3p","hsa-mir-140-5p",0.0085,FALSE,NA,"<a href='https://pubmed.ncbi.nlm.nih.gUVM/29808799'>PubMedLink</a> <a href='https://pubmed.ncbi.nlm.nih.gUVM/30291212'>PubMedLink</a>",NA,"tarbase","tarbase","hsa-mir-140-5p","hsa-mir-301a-3p",9194,10.6363424848083,10.4561048391015,"11.7863102686245","11.9464307641214","14.0381610528975","12.8239739300443","""""","""""","""""","""""","""""","""""","""""","""""","""""","""""","""""","""""",""""""
9388,"LIPG","hsa-mir-197-3p","hsa-mir-34b-3p",0.0025,FALSE,NA,NA,"<a href='https://pubmed.ncbi.nlm.nih.gUVM/21730846'>PubMedLink</a>","mirtarbase","mirtarbase","hsa-mir-34b-3p","hsa-mir-197-3p",9388,10.6661135141185,8.30633819028733,"10.7303870643441","9.03621803093036","8.39680987363682","10.0035319767777","13.5438027180871","""""","""""","""""","""""","""""","""""","""""","""""","""""","""""","""""",""""""
9444,"QKI","hsa-mir-143-3p","hsa-mir-542-3p",0.009,FALSE,NA,NA,NA,"tarbase","tarbase","hsa-mir-542-3p","hsa-mir-143-3p",9444,16.635831578867,16.7953437699297,"16.4568192039568","18.0127228619562","17.5574811079208","17.5331280982986","17.4618233890353","17.4792177319956","16.9877557965732","""""","""""","""""","""""","""""","""""","""""","""""","""""",""""""
9455,"HOMER2","hsa-mir-188-3p","hsa-mir-653-5p",0.005,FALSE,NA,NA,NA,"tarbase","tarbase","hsa-mir-653-5p","hsa-mir-188-3p",9455,13.9062744285959,15.128908273137,"9.81633745314849","14.5526467802025","14.4005863805247","12.8060401500168","13.0465339421422","13.8785196929763","12.4563237024609","""""","""""","""""","""""","""""","""""","""""","""""","""""",""""""
9473,"THEMIS2","hsa-mir-197-3p","hsa-mir-335-5p",0.004,FALSE,NA,NA,NA,"mirtarbase","mirtarbase tarbase","hsa-mir-335-5p","hsa-mir-197-3p",9473,16.800557443465,18.2192012719891,"16.2969982520855","18.5415704988441","""""","""""","""""","""""","""""","""""","""""","""""","""""","""""","""""","""""","""""","""""",""""""
9510,"ADAMTS1","hsa-mir-212-3p","hsa-mir-139-3p",0.0095,FALSE,NA,NA,NA,"tarbase","tarbase","hsa-mir-139-3p","hsa-mir-212-3p",9510,15.4236068768483,16.5982494588666,"17.1837595337894","18.0093977452039","16.5896351970705","15.433506849094","15.3279635151126","""""","""""","""""","""""","""""","""""","""""","""""","""""","""""","""""",""""""
9590,"AKAP12","hsa-mir-221-5p","hsa-mir-513c-5p",0.0085,FALSE,NA,NA,NA,"tarbase","tarbase","hsa-mir-513c-5p","hsa-mir-221-5p",9590,20.0755772478252,19.8452659106494,"19.5534779627562","17.3288302620793","19.3701919637432","18.3296124214184","20.3885651123042","19.8103412815206","17.9099252477747","19.8820165998597","""""","""""","""""","""""","""""","""""","""""","""""",""""""
9782,"MATR3","hsa-mir-1229-3p","hsa-mir-421",0.006,FALSE,NA,NA,NA,"tarbase","tarbase","hsa-mir-421","hsa-mir-1229-3p",9782,10.1512860037538,14.1328116256655,"14.3925867156727","13.7034414621064","14.6272660013713","14.1296160534662","""""","""""","""""","""""","""""","""""","""""","""""","""""","""""","""""","""""",""""""
9805,"SCRN1","hsa-mir-15a-5p","hsa-mir-126-5p",0.005,FALSE,NA,NA,NA,"tarbase","tarbase","hsa-mir-126-5p","hsa-mir-15a-5p",9805,15.9852758071717,18.5797711375917,"19.0924719952091","17.9988362250012","18.8630139020837","15.6435217751974","20.1868876156215","16.1567893742732","14.8080879347889","13.7839230346598","18.7307983329908","16.4526022519673","19.4007793280024","14.0183426086672","""""","""""","""""","""""",""""""
9957,"HS3ST1","hsa-mir-150-5p","hsa-mir-30a-3p",0.0075,FALSE,NA,NA,NA,"mirtarbase","mirtarbase","hsa-mir-30a-3p","hsa-mir-150-5p",9957,11.4047019389192,10.9872333019279,"14.3667006401341","""""","""""","""""","""""","""""","""""","""""","""""","""""","""""","""""","""""","""""","""""","""""",""""""
10018,"BCL2L11","hsa-mir-378c","hsa-mir-140-5p",0.006,FALSE,NA,"<a href='https://pubmed.ncbi.nlm.nih.gUVM/29808799'>PubMedLink</a> <a href='https://pubmed.ncbi.nlm.nih.gUVM/30291212'>PubMedLink</a>",NA,"tarbase","mirtarbase tarbase","hsa-mir-140-5p","hsa-mir-378c",10018,14.558701187141,14.6386292602507,"15.9635594215539","15.7719201538028","16.0281248399264","14.0612784922637","16.3588199116754","""""","""""","""""","""""","""""","""""","""""","""""","""""","""""","""""",""""""
10114,"HIPK3","hsa-mir-2116-3p","hsa-mir-187-3p",0.0075,FALSE,NA,NA,NA,"mirtarbase","mirtarbase","hsa-mir-187-3p","hsa-mir-2116-3p",10114,17.2749249692905,17.2744865506228,"17.160538581169","18.0596136228174","16.7843477566289","16.8483505638308","16.8144700521974","""""","""""","""""","""""","""""","""""","""""","""""","""""","""""","""""",""""""
10130,"PDIA6","hsa-mir-320b","hsa-mir-15a-5p",0.0025,FALSE,NA,NA,NA,"tarbase","mirtarbase tarbase","hsa-mir-15a-5p","hsa-mir-320b",10130,20.2441267169836,20.166969765502,"20.3612629725719","19.1520185293846","19.7177511809447","""""","""""","""""","""""","""""","""""","""""","""""","""""","""""","""""","""""","""""",""""""
10207,"PATJ","hsa-mir-378a-5p","hsa-mir-211-5p",0.001,FALSE,NA,NA,NA,"tarbase","mirtarbase","hsa-mir-211-5p","hsa-mir-378a-5p",10207,13.1617875430898,14.7005530802993,"13.2714547209014","15.3991795559936","14.9146718428495","14.1133399021555","12.4276190575829","14.7081139037687","""""","""""","""""","""""","""""","""""","""""","""""","""""","""""",""""""
10435,"CDC42EP2","hsa-mir-424-5p","hsa-mir-32-5p",0.0025,FALSE,NA,NA,NA,"tarbase","tarbase","hsa-mir-32-5p","hsa-mir-424-5p",10435,17.5262739271835,16.539843218397,"15.7831166637742","17.5726434310856","16.0961943001584","16.3050990907915","17.7430447525892","16.1823989418767","15.8819941572415","""""","""""","""""","""""","""""","""""","""""","""""","""""",""""""
10451,"VAV3","hsa-mir-125b-2-3p","hsa-let-7c-5p",0.005,FALSE,NA,NA,NA,"mirtarbase","tarbase","hsa-let-7c-5p","hsa-mir-125b-2-3p",10451,15.7350707919775,14.9620024915433,"16.1812976674366","12.8032931288195","14.6525415002144","16.1670546786656","15.46167687006","14.9168959427796","15.5829360474234","15.1506278161093","18.6791180955001","15.9972705019639","14.2576811416046","15.0276053964646","14.068546220464","12.626528315347","15.5304629909178","""""",""""""
10489,"LRRC41","hsa-mir-34c-5p","hsa-mir-195-5p",0.0015,FALSE,NA,NA,NA,"tarbase","tarbase","hsa-mir-195-5p","hsa-mir-34c-5p",10489,19.4986437240071,19.3548492410446,"19.4073645048921","19.0307505792323","18.2972457720509","19.2374548069362","19.2279054328675","18.5228447263766","""""","""""","""""","""""","""""","""""","""""","""""","""""","""""",""""""
10489,"LRRC41","hsa-mir-503-5p","hsa-mir-195-5p",0.009,FALSE,NA,NA,NA,"tarbase","tarbase","hsa-mir-195-5p","hsa-mir-503-5p",10489,18.9315399943798,19.3548492410446,"19.4073645048921","19.0307505792323","19.2044248644725","19.8225335256843","18.5228447263766","17.9750298527895","19.4022121256717","""""","""""","""""","""""","""""","""""","""""","""""","""""",""""""
10489,"LRRC41","hsa-mir-542-3p","hsa-mir-34c-5p",0.007,FALSE,NA,NA,NA,"tarbase","tarbase","hsa-mir-34c-5p","hsa-mir-542-3p",10489,19.6602464425536,19.4986437240071,"19.4073645048921","19.0307505792323","18.6411454105187","19.2374548069362","19.2279054328675","18.5228447263766","""""","""""","""""","""""","""""","""""","""""","""""","""""","""""",""""""
10628,"TXNIP","hsa-mir-497-5p","hsa-mir-335-5p",5e-04,FALSE,NA,NA,NA,"mirtarbase tarbase","mirtarbase tarbase","hsa-mir-335-5p","hsa-mir-497-5p",10628,21.710778152405,20.7258597644836,"22.4810557026959","20.5250461704149","19.6187443988437","20.3271561655948","""""","""""","""""","""""","""""","""""","""""","""""","""""","""""","""""","""""",""""""
10725,"NFAT5","hsa-mir-211-5p","hsa-mir-130a-5p",0.008,TRUE,NA,NA,NA,"mirtarbase tarbase","tarbase","hsa-mir-130a-5p","hsa-mir-211-5p",10725,15.996807773492,15.8727024192744,"16.8767158924838","14.6543409376865","16.1986031089498","15.8162178326449","15.1795339317624","15.4476369026766","""""","""""","""""","""""","""""","""""","""""","""""","""""","""""",""""""
11245,"GPR176","hsa-mir-424-5p","hsa-mir-106a-5p",5e-04,FALSE,NA,NA,NA,"tarbase","tarbase","hsa-mir-106a-5p","hsa-mir-424-5p",11245,15.9411902042538,14.3090826355061,"16.2955318923797","15.9307533735313","16.5617442652615","17.2541938037314","15.6289591985518","14.3451872471641","16.8357311057273","""""","""""","""""","""""","""""","""""","""""","""""","""""",""""""
22807,"IKZF2","hsa-mir-301a-3p","hsa-mir-125b-5p",0.006,TRUE,NA,NA,NA,"tarbase","mirtarbase","hsa-mir-125b-5p","hsa-mir-301a-3p",22807,11.5192871185323,11.0739103702898,"11.8112755185336","12.7377463977225","12.3757191769737","""""","""""","""""","""""","""""","""""","""""","""""","""""","""""","""""","""""","""""",""""""
22823,"MTF2","hsa-mir-10a-5p","hsa-let-7b-5p",0.007,FALSE,NA,NA,NA,"mirtarbase tarbase","tarbase","hsa-let-7b-5p","hsa-mir-10a-5p",22823,15.5828069117883,15.9401187074259,"16.2243438855452","16.3596023639054","15.7594050565846","""""","""""","""""","""""","""""","""""","""""","""""","""""","""""","""""","""""","""""",""""""
22823,"MTF2","hsa-mir-181b-5p","hsa-mir-335-3p",0.0015,FALSE,NA,NA,NA,"tarbase","tarbase","hsa-mir-335-3p","hsa-mir-181b-5p",22823,14.4141994302901,16.349820526804,"16.3959080984703","16.3853970665129","16.1860468886579","16.2174469449017","15.961542386562","16.2243438855452","""""","""""","""""","""""","""""","""""","""""","""""","""""","""""",""""""
22824,"HSPA4L","hsa-mir-143-3p","hsa-mir-320b",0.0075,FALSE,NA,NA,NA,"tarbase","mirtarbase","hsa-mir-320b","hsa-mir-143-3p",22824,13.1322868267936,14.869504643472,"14.6078297918609","14.0285056200236","15.7471808414196","13.5648075920706","""""","""""","""""","""""","""""","""""","""""","""""","""""","""""","""""","""""",""""""
22824,"HSPA4L","hsa-mir-20b-5p","hsa-mir-378a-5p",0.004,FALSE,NA,NA,NA,"mirtarbase","mirtarbase","hsa-mir-378a-5p","hsa-mir-20b-5p",22824,15.2327345385683,14.869504643472,"14.6078297918609","15.0341236158392","13.0224585426486","15.3475551968648","15.7471808414196","""""","""""","""""","""""","""""","""""","""""","""""","""""","""""","""""",""""""
22847,"ZNF507","hsa-mir-582-5p","hsa-let-7b-5p",0.0015,TRUE,NA,NA,NA,"tarbase","mirtarbase","hsa-let-7b-5p","hsa-mir-582-5p",22847,14.9664043968842,15.7007644656028,"15.4444144861746","15.266771520871","15.3550898115244","""""","""""","""""","""""","""""","""""","""""","""""","""""","""""","""""","""""","""""",""""""
22875,"ENPP4","hsa-mir-424-5p","hsa-mir-140-5p",0.006,FALSE,NA,"<a href='https://pubmed.ncbi.nlm.nih.gUVM/29808799'>PubMedLink</a> <a href='https://pubmed.ncbi.nlm.nih.gUVM/30291212'>PubMedLink</a>",NA,"tarbase","tarbase","hsa-mir-140-5p","hsa-mir-424-5p",22875,12.4440306855679,11.4541514450731,"10.6124017111641","12.8094105337553","10.2420698146668","13.1455930533301","15.4263184552569","12.2656403773413","""""","""""","""""","""""","""""","""""","""""","""""","""""","""""",""""""
23049,"SMG1","hsa-let-7b-5p","hsa-mir-3065-3p",0.0045,FALSE,NA,NA,NA,"mirtarbase tarbase","tarbase","hsa-mir-3065-3p","hsa-let-7b-5p",23049,17.0215584370928,17.284756169698,"16.5150575509981","""""","""""","""""","""""","""""","""""","""""","""""","""""","""""","""""","""""","""""","""""","""""",""""""
23318,"TUT4","hsa-let-7b-5p","hsa-mir-203a-3p",0.008,FALSE,NA,NA,NA,"mirtarbase tarbase","mirtarbase","hsa-mir-203a-3p","hsa-let-7b-5p",23318,14.097985702309,16.0253179204665,"14.796391444002","15.0880749793444","14.3164755739868","14.9498262184384","""""","""""","""""","""""","""""","""""","""""","""""","""""","""""","""""","""""",""""""
23362,"PSD3","hsa-mir-143-3p","hsa-let-7b-5p",0.0025,FALSE,NA,NA,NA,"tarbase","mirtarbase","hsa-let-7b-5p","hsa-mir-143-3p",23362,14.3547161834457,15.0212249971555,"16.5766642594005","14.521871583049","16.7852216983452","13.5605691544587","15.7765528177609","15.4051052326099","16.0661929313681","16.446167024178","16.6168126610835","16.5788161424172","15.6732872928224","15.7983943136957","16.1475516382407","""""","""""","""""",""""""
23362,"PSD3","hsa-mir-143-3p","hsa-mir-143-5p",0,FALSE,NA,NA,NA,"tarbase","tarbase","hsa-mir-143-5p","hsa-mir-143-3p",23362,14.3219784023361,14.3547161834457,"15.0212249971555","16.5766642594005","15.4534392066274","14.521871583049","16.7852216983452","16.0661929313681","16.446167024178","16.6168126610835","16.5788161424172","15.6732872928224","15.7983943136957","""""","""""","""""","""""","""""",""""""
23362,"PSD3","hsa-mir-143-5p","hsa-mir-432-5p",0.0095,FALSE,NA,NA,NA,"tarbase","tarbase","hsa-mir-432-5p","hsa-mir-143-5p",23362,15.4534392066274,16.7852216983452,"16.446167024178","16.6168126610835","""""","""""","""""","""""","""""","""""","""""","""""","""""","""""","""""","""""","""""","""""",""""""
23499,"MACF1","hsa-mir-335-5p","hsa-mir-383-5p",0.003,FALSE,NA,NA,NA,"mirtarbase tarbase","tarbase","hsa-mir-383-5p","hsa-mir-335-5p",23499,15.7051306101808,15.8943112191536,"16.1330596075247","16.7218647241877","16.9226075230566","16.7705224586957","""""","""""","""""","""""","""""","""""","""""","""""","""""","""""","""""","""""",""""""
25805,"BAMBI","hsa-mir-15a-5p","hsa-mir-301a-3p",5e-04,FALSE,NA,NA,NA,"tarbase","tarbase","hsa-mir-301a-3p","hsa-mir-15a-5p",25805,21.2406190474848,21.3745509956732,"20.2277442715229","21.3261631401922","21.2678673784877","18.7378354319533","21.8907610137691","19.5738384509746","""""","""""","""""","""""","""""","""""","""""","""""","""""","""""",""""""
25976,"TIPARP","hsa-mir-550a-3p","hsa-mir-382-5p",0.0015,FALSE,NA,NA,NA,"tarbase","tarbase","hsa-mir-382-5p","hsa-mir-550a-3p",25976,17.0786868534864,14.3066125521258,"17.1283376579467","14.2318559763346","17.5314618980647","17.9340432275605","17.0142742431141","18.5411146399573","16.7698088709819","17.2410757629058","""""","""""","""""","""""","""""","""""","""""","""""",""""""
26040,"SETBP1","hsa-mir-320c","hsa-mir-320b",0.0075,TRUE,NA,NA,NA,"tarbase","tarbase","hsa-mir-320b","hsa-mir-320c",26040,13.0160230631892,14.1383087866162,"14.1500993106101","13.6097101828884","9.9866287831485","13.4195638939074","13.0432642464065","10.4614756747565","13.6754339485069","13.343236379587","13.8177012512837","""""","""""","""""","""""","""""","""""","""""",""""""
26099,"SZRD1","hsa-mir-195-5p","hsa-mir-9-5p",0.002,FALSE,NA,NA,NA,"mirtarbase","tarbase","hsa-mir-9-5p","hsa-mir-195-5p",26099,21.1059685036634,21.1599847708199,"20.07263136128","20.7384387616381","20.633114655479","20.8566921320054","""""","""""","""""","""""","""""","""""","""""","""""","""""","""""","""""","""""",""""""
26207,"PITPNC1","hsa-mir-140-3p","hsa-mir-335-5p",0.0045,FALSE,NA,NA,NA,"mirtarbase","mirtarbase tarbase","hsa-mir-335-5p","hsa-mir-140-3p",26207,17.5872305652336,17.4357141205917,"17.627498924065","18.0345086185138","17.7993685164052","16.3446050129736","""""","""""","""""","""""","""""","""""","""""","""""","""""","""""","""""","""""",""""""
26207,"PITPNC1","hsa-mir-374a-5p","hsa-mir-140-3p",0,FALSE,NA,NA,NA,"mirtarbase","mirtarbase","hsa-mir-140-3p","hsa-mir-374a-5p",26207,17.5987032435402,17.4357141205917,"17.7993685164052","17.1160475654078","""""","""""","""""","""""","""""","""""","""""","""""","""""","""""","""""","""""","""""","""""",""""""
26523,"AGO1","hsa-mir-34c-5p","hsa-let-7b-5p",0.009,FALSE,NA,NA,NA,"tarbase","mirtarbase tarbase","hsa-let-7b-5p","hsa-mir-34c-5p",26523,16.6749835766159,17.1477183821469,"16.5762765118132","16.4208267509006","16.1339897701356","""""","""""","""""","""""","""""","""""","""""","""""","""""","""""","""""","""""","""""",""""""
27075,"TSPAN13","hsa-mir-34a-3p","hsa-mir-221-3p",0.0075,FALSE,NA,NA,NA,"tarbase","mirtarbase tarbase","hsa-mir-221-3p","hsa-mir-34a-3p",27075,15.8397499995328,15.4942648430771,"13.6576834174188","15.381705683313","16.9933808019047","""""","""""","""""","""""","""""","""""","""""","""""","""""","""""","""""","""""","""""",""""""
27152,"INTU","hsa-mir-365a-5p","hsa-mir-421",0.001,FALSE,NA,NA,NA,"mirtarbase","mirtarbase","hsa-mir-421","hsa-mir-365a-5p",27152,14.3472872311849,14.3652503471821,"15.1810126145429","13.9123503542534","""""","""""","""""","""""","""""","""""","""""","""""","""""","""""","""""","""""","""""","""""",""""""
27250,"PDCD4","hsa-mir-129-2-3p","hsa-mir-10b-5p",0.0065,FALSE,NA,NA,NA,"mirtarbase","mirtarbase","hsa-mir-10b-5p","hsa-mir-129-2-3p",27250,19.5486911560969,21.6840393343785,"20.1024543741434","21.5041828234272","21.4724481354904","20.8581322248481","20.1116654850289","20.7554911322501","""""","""""","""""","""""","""""","""""","""""","""""","""""","""""",""""""
27250,"PDCD4","hsa-mir-182-5p","hsa-mir-15a-5p",0.0045,FALSE,NA,NA,NA,"mirtarbase","mirtarbase tarbase","hsa-mir-15a-5p","hsa-mir-182-5p",27250,21.5524294435512,21.0570647083233,"20.7554911322501","19.7284475323208","""""","""""","""""","""""","""""","""""","""""","""""","""""","""""","""""","""""","""""","""""",""""""
27327,"TNRC6A","hsa-mir-328-3p","hsa-mir-30c-2-3p",0.009,FALSE,NA,NA,NA,"tarbase","mirtarbase","hsa-mir-30c-2-3p","hsa-mir-328-3p",27327,16.6268969328689,16.3113717579609,"16.6304484835333","15.5741027276559","17.3228848010961","17.0238713088162","16.940946465555","16.442925335511","16.6039271055191","16.8757141421701","15.6983050923036","16.8873502340619","""""","""""","""""","""""","""""","""""",""""""
28962,"OSTM1","hsa-mir-149-5p","hsa-mir-146b-3p",0.005,FALSE,NA,NA,NA,"mirtarbase","tarbase","hsa-mir-146b-3p","hsa-mir-149-5p",28962,21.142628055647,20.4216871231099,"17.1159769061906","20.6563523400897","19.9407077247938","20.5186103639733","20.4790515385151","19.7436821280473","""""","""""","""""","""""","""""","""""","""""","""""","""""","""""",""""""
28996,"HIPK2","hsa-mir-182-5p","hsa-mir-383-5p",0.0075,FALSE,NA,NA,NA,"tarbase","tarbase","hsa-mir-383-5p","hsa-mir-182-5p",28996,19.5051531920835,19.4928118063803,"17.8016361376818","17.79991724399","18.8867439878089","18.7992543270537","19.1288540151325","""""","""""","""""","""""","""""","""""","""""","""""","""""","""""","""""",""""""
29979,"UBQLN1","hsa-mir-582-5p","hsa-mir-92b-3p",0.0095,FALSE,NA,NA,NA,"tarbase","tarbase","hsa-mir-92b-3p","hsa-mir-582-5p",29979,20.41498925264,20.2150560401813,"20.3536917359615","19.4085303196181","19.5143109087323","20.5683584532722","20.1559309488349","""""","""""","""""","""""","""""","""""","""""","""""","""""","""""","""""",""""""
30836,"DNTTIP2","hsa-mir-143-3p","hsa-mir-203a-3p",0.009,FALSE,NA,NA,NA,"mirtarbase","mirtarbase","hsa-mir-203a-3p","hsa-mir-143-3p",30836,16.73799302415,17.2799154501536,"17.375337277193","17.3517489584401","16.4624689539179","15.2034986327566","""""","""""","""""","""""","""""","""""","""""","""""","""""","""""","""""","""""",""""""
51430,"SUCO","hsa-mir-197-3p","hsa-mir-181a-5p",0.0035,FALSE,NA,NA,NA,"tarbase","tarbase","hsa-mir-181a-5p","hsa-mir-197-3p",51430,17.1623372889765,16.4826855076501,"17.0625785519532","14.7762832738008","16.6305486444302","17.0682066078698","15.9976333147006","16.8712307449415","16.801797922178","16.625112479786","16.9983187836351","16.0566040295137","""""","""""","""""","""""","""""","""""",""""""
51804,"SIX4","hsa-mir-374a-3p","hsa-mir-30a-5p",0.005,TRUE,NA,NA,NA,"tarbase","mirtarbase","hsa-mir-30a-5p","hsa-mir-374a-3p",51804,11.7972750058737,11.5416893073882,"10.4121095795861","-2","9.12566315914249","8.22136323565065","13.6200280892399","10.356887964061","9.72465039081908","11.2817411876189","10.6390826371406","""""","""""","""""","""""","""""","""""","""""",""""""
54407,"SLC38A2","hsa-mir-194-3p","hsa-mir-495-3p",0.002,FALSE,NA,NA,NA,"mirtarbase tarbase","tarbase","hsa-mir-495-3p","hsa-mir-194-3p",54407,18.0226331606352,19.1894069225476,"18.6719431793939","19.4410856877675","17.5019148569527","""""","""""","""""","""""","""""","""""","""""","""""","""""","""""","""""","""""","""""",""""""
54407,"SLC38A2","hsa-mir-30a-3p","hsa-mir-328-3p",0.007,FALSE,NA,NA,NA,"tarbase","tarbase","hsa-mir-328-3p","hsa-mir-30a-3p",54407,18.6680045376215,17.2669445502568,"18.9081622856824","16.8383075535919","18.9285004181898","19.3399610920438","19.462930126072","19.1894069225476","18.6719431793939","18.4413771656866","17.7665902962068","17.2372369174397","""""","""""","""""","""""","""""","""""",""""""
54407,"SLC38A2","hsa-mir-320b","hsa-mir-181b-5p",0.0045,FALSE,NA,NA,NA,"mirtarbase","mirtarbase","hsa-mir-181b-5p","hsa-mir-320b",54407,17.2669445502568,18.9081622856824,"18.9285004181898","19.1358405907651","19.1894069225476","19.4410856877675","18.4413771656866","17.7665902962068","17.5019148569527","""""","""""","""""","""""","""""","""""","""""","""""","""""",""""""
54407,"SLC38A2","hsa-mir-335-3p","hsa-mir-181b-5p",0.0055,FALSE,NA,NA,NA,"tarbase","mirtarbase","hsa-mir-181b-5p","hsa-mir-335-3p",54407,17.2669445502568,19.0652608902886,"18.9081622856824","18.9285004181898","19.3399610920438","19.1894069225476","18.6719431793939","19.4410856877675","""""","""""","""""","""""","""""","""""","""""","""""","""""","""""",""""""
54443,"ANLN","hsa-mir-335-3p","hsa-mir-142-5p",0.0075,FALSE,NA,NA,NA,"tarbase","tarbase","hsa-mir-142-5p","hsa-mir-335-3p",54443,13.2895272708712,15.3547032856395,"13.3063582487993","14.6404307324133","13.8841206399563","14.7506265900497","""""","""""","""""","""""","""""","""""","""""","""""","""""","""""","""""","""""",""""""
54502,"RBM47","hsa-mir-149-5p","hsa-mir-3680-3p",0.0015,FALSE,NA,NA,NA,"tarbase","mirtarbase","hsa-mir-3680-3p","hsa-mir-149-5p",54502,16.4080279387234,14.9834154244866,"13.9896310178746","17.2145069568611","14.1970229838653","14.6534490937609","15.4390528448472","""""","""""","""""","""""","""""","""""","""""","""""","""""","""""","""""",""""""
54891,"INO80D","hsa-mir-34c-5p","hsa-mir-181b-5p",0.006,FALSE,NA,NA,NA,"tarbase","mirtarbase tarbase","hsa-mir-181b-5p","hsa-mir-34c-5p",54891,16.3642777692778,15.3527429517437,"15.8693121652968","15.5206614354983","15.651227433366","""""","""""","""""","""""","""""","""""","""""","""""","""""","""""","""""","""""","""""",""""""
54906,"TASOR2","hsa-mir-486-5p","hsa-mir-149-5p",0.009,FALSE,NA,NA,NA,"tarbase","mirtarbase","hsa-mir-149-5p","hsa-mir-486-5p",54906,17.2553861229708,15.8390441632736,"17.3410832718241","17.6976107117848","16.1393710743538","17.5028980321125","""""","""""","""""","""""","""""","""""","""""","""""","""""","""""","""""","""""",""""""
54928,"BPNT2","hsa-mir-378a-5p","hsa-mir-181c-5p",0.0045,FALSE,NA,NA,NA,"tarbase","tarbase","hsa-mir-181c-5p","hsa-mir-378a-5p",54928,18.6257756284511,19.4635871985459,"18.5766865862079","18.0440332465263","""""","""""","""""","""""","""""","""""","""""","""""","""""","""""","""""","""""","""""","""""",""""""
55084,"SOBP","hsa-mir-144-5p","hsa-mir-20a-5p",0.004,FALSE,NA,NA,NA,"mirtarbase","tarbase","hsa-mir-20a-5p","hsa-mir-144-5p",55084,16.8670530325612,17.9181652493557,"15.7667808833244","17.7231687462947","16.7685752037489","17.6942629277502","17.5757013474725","16.2303737381676","17.3414164559441","16.9441382998221","""""","""""","""""","""""","""""","""""","""""","""""",""""""
55084,"SOBP","hsa-mir-144-5p","hsa-mir-30e-5p",0,FALSE,NA,NA,NA,"mirtarbase","mirtarbase","hsa-mir-30e-5p","hsa-mir-144-5p",55084,16.8670530325612,17.9181652493557,"17.7231687462947","15.4619214664645","17.0843145403931","16.2303737381676","""""","""""","""""","""""","""""","""""","""""","""""","""""","""""","""""","""""",""""""
55187,"VPS13D","hsa-mir-20a-5p","hsa-mir-550a-3p",0.0025,FALSE,NA,NA,NA,"tarbase","tarbase","hsa-mir-550a-3p","hsa-mir-20a-5p",55187,16.452361237227,16.3508013137782,"16.8027428822023","16.1286320165908","17.0447436982225","""""","""""","""""","""""","""""","""""","""""","""""","""""","""""","""""","""""","""""",""""""
55187,"VPS13D","hsa-mir-301a-3p","hsa-mir-550a-3p",0.0055,FALSE,NA,NA,NA,"tarbase","tarbase","hsa-mir-550a-3p","hsa-mir-301a-3p",55187,16.452361237227,16.0956898505308,"16.8027428822023","16.1286320165908","17.0447436982225","""""","""""","""""","""""","""""","""""","""""","""""","""""","""""","""""","""""","""""",""""""
55632,"G2E3","hsa-mir-383-5p","hsa-mir-548v",0.0055,FALSE,NA,NA,NA,"tarbase","mirtarbase","hsa-mir-548v","hsa-mir-383-5p",55632,12.5916444855749,14.1882690638326,"14.7827847266213","14.0740329163183","13.9168125997787","""""","""""","""""","""""","""""","""""","""""","""""","""""","""""","""""","""""","""""",""""""
55680,"RUFY2","hsa-mir-767-5p","hsa-mir-130a-5p",0.004,FALSE,NA,NA,NA,"mirtarbase","tarbase","hsa-mir-130a-5p","hsa-mir-767-5p",55680,14.0298480079424,15.2135734324984,"15.9368246718246","""""","""""","""""","""""","""""","""""","""""","""""","""""","""""","""""","""""","""""","""""","""""",""""""
55728,"N4BP2","hsa-mir-197-3p","hsa-mir-181a-5p",0.0085,FALSE,NA,NA,NA,"tarbase","tarbase","hsa-mir-181a-5p","hsa-mir-197-3p",55728,14.2694179899508,13.9787544790693,"14.2745722710977","11.8291506259615","14.4050491978832","15.8007423296569","13.6909031587123","14.2124350811847","14.6036156733902","11.9282607561753","14.0910987711135","13.87522219794","""""","""""","""""","""""","""""","""""",""""""
55839,"CENPN","hsa-mir-548b-3p","hsa-mir-195-5p",0.0075,FALSE,NA,NA,NA,"tarbase","tarbase","hsa-mir-195-5p","hsa-mir-548b-3p",55839,15.9530232093944,16.2246530435655,"16.1453675304895","16.2469668252155","15.3759404538499","""""","""""","""""","""""","""""","""""","""""","""""","""""","""""","""""","""""","""""",""""""
57493,"HEG1","hsa-mir-30a-3p","hsa-mir-222-3p",0,FALSE,NA,NA,NA,"tarbase","tarbase","hsa-mir-222-3p","hsa-mir-30a-3p",57493,15.6467677986439,14.5366285744904,"15.6875321056932","15.8603096296511","15.5515435104402","15.1886101881913","15.4521203437736","17.5247006018015","""""","""""","""""","""""","""""","""""","""""","""""","""""","""""",""""""
57524,"CASKIN1","hsa-mir-3150b-3p","hsa-mir-2355-5p",0.0035,FALSE,NA,NA,NA,"mirtarbase","tarbase","hsa-mir-2355-5p","hsa-mir-3150b-3p",57524,16.0097221119438,15.5817969579831,"15.9807730517333","15.4407807750809","17.1257804327299","""""","""""","""""","""""","""""","""""","""""","""""","""""","""""","""""","""""","""""",""""""
57546,"PDP2","hsa-mir-450b-5p","hsa-let-7b-5p",0,FALSE,NA,NA,NA,"tarbase","mirtarbase","hsa-let-7b-5p","hsa-mir-450b-5p",57546,15.6878634841597,15.999575624836,"16.0134631505315","15.9682848207457","15.379434249017","""""","""""","""""","""""","""""","""""","""""","""""","""""","""""","""""","""""","""""",""""""
57551,"TAOK1","hsa-mir-125b-2-3p","hsa-mir-374b-3p",0.0035,FALSE,NA,NA,NA,"tarbase","mirtarbase","hsa-mir-374b-3p","hsa-mir-125b-2-3p",57551,17.0956621690652,17.1403660410285,"17.8909058414435","16.8958576339631","16.6610595171058","16.6682844870001","""""","""""","""""","""""","""""","""""","""""","""""","""""","""""","""""","""""",""""""
58190,"CTDSP1","hsa-mir-96-5p","hsa-mir-15a-5p",0.0085,FALSE,NA,NA,NA,"tarbase","tarbase","hsa-mir-15a-5p","hsa-mir-96-5p",58190,21.7452675487952,21.4663190630213,"22.4450345938607","22.2076488957113","20.593420995976","21.8019693774199","20.9351849253866","""""","""""","""""","""""","""""","""""","""""","""""","""""","""""","""""",""""""
59338,"PLEKHA1","hsa-mir-497-5p","hsa-mir-582-5p",0.0025,FALSE,NA,NA,NA,"mirtarbase tarbase","tarbase","hsa-mir-582-5p","hsa-mir-497-5p",59338,14.3598242831419,13.7481953326689,"14.2509936179736","14.5643940678345","""""","""""","""""","""""","""""","""""","""""","""""","""""","""""","""""","""""","""""","""""",""""""
64093,"SMOC1","hsa-mir-10a-5p","hsa-mir-199a-3p",0.002,FALSE,NA,NA,NA,"tarbase","tarbase","hsa-mir-199a-3p","hsa-mir-10a-5p",64093,14.4938930310009,14.7915377716723,"13.5375092563648","13.4174874820897","12.4476805547559","15.0059865844553","""""","""""","""""","""""","""""","""""","""""","""""","""""","""""","""""","""""",""""""
64332,"NFKBIZ","hsa-mir-20b-5p","hsa-mir-1304-5p",0.003,FALSE,NA,NA,NA,"tarbase","tarbase","hsa-mir-1304-5p","hsa-mir-20b-5p",64332,14.4792076641927,12.9464454363126,"13.0293708716567","14.4451753246702","12.5673102985852","10.2057631574943","14.3236359901057","15.2584552380429","""""","""""","""""","""""","""""","""""","""""","""""","""""","""""",""""""
64393,"ZMAT3","hsa-mir-195-5p","hsa-mir-15a-5p",0.0065,FALSE,NA,NA,NA,"mirtarbase tarbase","mirtarbase tarbase","hsa-mir-15a-5p","hsa-mir-195-5p",64393,17.3282801402428,17.0820310926257,"18.1586995117921","17.6597969783265","17.8859199191408","18.0832994993701","17.5990624414631","17.9047842382821","17.6923362593527","17.3110310498399","19.0690504535381","17.3816986894355","""""","""""","""""","""""","""""","""""",""""""
64778,"FNDC3B","hsa-mir-211-5p","hsa-let-7b-5p",0.0085,FALSE,NA,NA,NA,"tarbase","tarbase","hsa-let-7b-5p","hsa-mir-211-5p",64778,16.1519945848757,16.9817473056514,"15.8357151404477","16.2677381172794","14.9837099908964","""""","""""","""""","""""","""""","""""","""""","""""","""""","""""","""""","""""","""""",""""""
64778,"FNDC3B","hsa-mir-335-3p","hsa-mir-129-5p",0,FALSE,NA,NA,NA,"tarbase",NA,"hsa-mir-129-5p","hsa-mir-335-3p",64778,16.2534143683602,16.5766949024447,"16.1519945848757","16.9817473056514","15.847767731307","16.4432019026543","""""","""""","""""","""""","""""","""""","""""","""""","""""","""""","""""","""""",""""""
65979,"PHACTR4","hsa-mir-3065-3p","hsa-mir-149-5p",0.0055,FALSE,NA,NA,NA,"mirtarbase","tarbase","hsa-mir-149-5p","hsa-mir-3065-3p",65979,16.5193701868547,17.3420553640001,"17.5616430197299","17.4514365489943","17.4242404276586","""""","""""","""""","""""","""""","""""","""""","""""","""""","""""","""""","""""","""""",""""""
65997,"RASL11B","hsa-mir-20a-5p","hsa-mir-106a-5p",0.001,FALSE,NA,NA,NA,"tarbase","tarbase","hsa-mir-106a-5p","hsa-mir-20a-5p",65997,14.6651706855559,12.2039015113436,"-2","11.1395498463932","14.8964116291901","16.13724474623","16.1927363650402","13.7108637595994","14.6464095454894","12.1537133249743","14.1975687919464","""""","""""","""""","""""","""""","""""","""""",""""""
79618,"HMBOX1","hsa-mir-548v","hsa-mir-221-3p",0.0015,TRUE,NA,NA,NA,"mirtarbase","mirtarbase","hsa-mir-221-3p","hsa-mir-548v",79618,17.2895533595562,17.4477256280622,"16.8234496146508","18.5114064278394","""""","""""","""""","""""","""""","""""","""""","""""","""""","""""","""""","""""","""""","""""",""""""
79618,"HMBOX1","hsa-mir-548v","hsa-mir-222-3p",5e-04,TRUE,NA,NA,NA,"mirtarbase","mirtarbase","hsa-mir-222-3p","hsa-mir-548v",79618,17.2895533595562,17.4477256280622,"17.646063074517","16.8234496146508","18.5114064278394","""""","""""","""""","""""","""""","""""","""""","""""","""""","""""","""""","""""","""""",""""""
79960,"JADE1","hsa-mir-199a-3p","hsa-mir-92b-3p",0.0025,FALSE,NA,NA,NA,"tarbase","tarbase","hsa-mir-92b-3p","hsa-mir-199a-3p",79960,18.3742869761551,17.7479346391359,"17.3206673443124","17.6922845948863","17.5756961089018","17.1678407693235","16.5190556103945","17.4693778042696","16.9346925693673","17.0739323107726","""""","""""","""""","""""","""""","""""","""""","""""",""""""
80000,"GREB1L","hsa-mir-101-3p","hsa-mir-362-3p",0.0055,FALSE,"<a href='https://pubmed.ncbi.nlm.nih.gUVM/30186385'>PubMedLink</a>",NA,NA,"tarbase","mirtarbase","hsa-mir-362-3p","hsa-mir-101-3p",80000,11.8595355807577,12.1854073279877,"-2","-2","10.5533067427615","13.1291091018916","12.183142385445","-2","9.01373342641476","10.1673634563535","8.7686681050413","12.1135464920242","12.194238283287","""""","""""","""""","""""","""""",""""""
80031,"SEMA6D","hsa-mir-221-3p","hsa-mir-222-3p",0.0015,FALSE,NA,NA,NA,"tarbase","tarbase","hsa-mir-222-3p","hsa-mir-221-3p",80031,13.7355925942971,15.5447034123281,"12.9360340510908","14.3444248008769","12.9316389405472","15.424943524058","14.8230471887828","14.9421855264594","15.576742747071","17.1561714681978","17.802785970246","15.7592334006176","17.6053736650097","15.8255458534671","16.619450140133","15.6244128371422","16.5717245352861","""""",""""""
80034,"CSRNP3","hsa-mir-145-5p","hsa-mir-362-3p",0.0085,TRUE,NA,NA,NA,"mirtarbase","mirtarbase","hsa-mir-362-3p","hsa-mir-145-5p",80034,13.0490352821968,12.2881556841588,"11.5188014923977","14.4550727271853","""""","""""","""""","""""","""""","""""","""""","""""","""""","""""","""""","""""","""""","""""",""""""
80727,"TTYH3","hsa-mir-133a-3p","hsa-mir-222-5p",5e-04,FALSE,NA,NA,NA,"tarbase","tarbase","hsa-mir-222-5p","hsa-mir-133a-3p",80727,21.2708946692612,23.0262090573953,"22.2348454855703","""""","""""","""""","""""","""""","""""","""""","""""","""""","""""","""""","""""","""""","""""","""""",""""""
81539,"SLC38A1","hsa-mir-195-5p","hsa-mir-629-3p",0.0045,FALSE,NA,NA,NA,"tarbase","tarbase","hsa-mir-629-3p","hsa-mir-195-5p",81539,13.6220062309116,16.6935291968475,"17.0479550736972","18.1520504873032","17.181054586606","""""","""""","""""","""""","""""","""""","""""","""""","""""","""""","""""","""""","""""",""""""
81539,"SLC38A1","hsa-mir-340-5p","hsa-mir-629-3p",0.002,FALSE,NA,NA,NA,"mirtarbase","tarbase","hsa-mir-629-3p","hsa-mir-340-5p",81539,16.6935291968475,17.0479550736972,"18.1520504873032","""""","""""","""""","""""","""""","""""","""""","""""","""""","""""","""""","""""","""""","""""","""""",""""""
81539,"SLC38A1","hsa-mir-378b","hsa-mir-125b-2-3p",0.0095,FALSE,NA,NA,NA,"tarbase","mirtarbase","hsa-mir-125b-2-3p","hsa-mir-378b",81539,13.8004797976347,15.6299143473585,"14.1956201174045","16.3610413731892","14.8766579926644","18.1520504873032","""""","""""","""""","""""","""""","""""","""""","""""","""""","""""","""""","""""",""""""
81796,"SLCO5A1","hsa-mir-30a-5p","hsa-mir-548b-3p",0.005,FALSE,NA,NA,NA,"tarbase","mirtarbase","hsa-mir-548b-3p","hsa-mir-30a-5p",81796,16.0701385755976,16.0708325315421,"11.925788626491","14.8110709266532","17.6381516498349","15.8449350104219","17.3425733005434","14.5949846995465","13.9161703430428","13.1984504164621","12.0558212015951","12.5975505555716","""""","""""","""""","""""","""""","""""",""""""
83857,"TMTC1","hsa-mir-335-3p","hsa-mir-125b-2-3p",0.0085,FALSE,NA,NA,NA,"mirtarbase","mirtarbase","hsa-mir-125b-2-3p","hsa-mir-335-3p",83857,15.3594126654462,16.6631993334504,"18.4396774210021","17.0574599982064","17.2670072755164","17.7572987884737","18.6756675353238","16.5668686808216","17.0069864031546","""""","""""","""""","""""","""""","""""","""""","""""","""""",""""""
84168,"ANTXR1","hsa-mir-155-5p","hsa-mir-642a-5p",0.009,FALSE,NA,NA,NA,"mirtarbase tarbase","mirtarbase","hsa-mir-642a-5p","hsa-mir-155-5p",84168,17.6591705941608,16.6149559471099,"17.0688375785096","18.6488632700602","17.4782927509712","18.7785520603553","""""","""""","""""","""""","""""","""""","""""","""""","""""","""""","""""","""""",""""""
84458,"LCOR","hsa-mir-582-5p","hsa-let-7b-5p",0.0065,TRUE,NA,NA,NA,"tarbase","tarbase","hsa-let-7b-5p","hsa-mir-582-5p",84458,13.7240262642872,14.304407172119,"14.292339495419","13.9341635352433","14.4289036062934","""""","""""","""""","""""","""""","""""","""""","""""","""""","""""","""""","""""","""""",""""""
84612,"PARD6B","hsa-mir-582-5p","hsa-mir-92b-3p",0.006,FALSE,NA,NA,NA,"tarbase","mirtarbase","hsa-mir-92b-3p","hsa-mir-582-5p",84612,13.0678654375485,13.6205882481825,"13.7240140805474","11.9228575099014","13.9990427502891","12.5229503737989","13.2851989429257","""""","""""","""""","""""","""""","""""","""""","""""","""""","""""","""""",""""""
85301,"COL27A1","hsa-mir-1229-3p","hsa-mir-3200-3p",0.0065,FALSE,NA,NA,NA,"tarbase","tarbase","hsa-mir-3200-3p","hsa-mir-1229-3p",85301,16.5054926656399,16.4993849164779,"16.7499449106884","16.5016501181578","""""","""""","""""","""""","""""","""""","""""","""""","""""","""""","""""","""""","""""","""""",""""""
85463,"ZC3H12C","hsa-mir-550a-3p","hsa-mir-889-3p",0.001,FALSE,NA,NA,NA,"mirtarbase","mirtarbase","hsa-mir-889-3p","hsa-mir-550a-3p",85463,18.11443051981,17.1962262821271,"17.8551240461621","17.0653041074745","17.1670883440799","16.1106217889029","""""","""""","""""","""""","""""","""""","""""","""""","""""","""""","""""","""""",""""""
91526,"ANKRD44","hsa-mir-335-3p","hsa-mir-383-5p",5e-04,FALSE,NA,NA,NA,"mirtarbase","mirtarbase","hsa-mir-383-5p","hsa-mir-335-3p",91526,16.5979844006216,15.6518609358029,"17.5299824837307","16.3131080590847","16.2269941971449","15.7036350230422","16.5110574073717","16.1897391696041","15.8050719096839","""""","""""","""""","""""","""""","""""","""""","""""","""""",""""""
91947,"ARRDC4","hsa-mir-195-5p","hsa-mir-145-3p",0.0095,FALSE,NA,NA,NA,"tarbase","tarbase","hsa-mir-145-3p","hsa-mir-195-5p",91947,14.8116611107222,16.5201260115153,"17.2486459804204","16.286399492831","16.830124443676","16.6892593262537","17.3393419088157","16.2369556790416","16.5651090373756","""""","""""","""""","""""","""""","""""","""""","""""","""""",""""""
116984,"ARAP2","hsa-mir-629-3p","hsa-mir-338-5p",0.0065,FALSE,NA,"<a href='https://pubmed.ncbi.nlm.nih.gUVM/31289501'>PubMedLink</a>",NA,"tarbase","mirtarbase","hsa-mir-338-5p","hsa-mir-629-3p",116984,15.3334550351348,13.2624746395592,"13.9291879881688","12.6518921892602","13.6805324777206","14.6530204385835","12.57137235462","14.7825168175062","""""","""""","""""","""""","""""","""""","""""","""""","""""","""""",""""""
126731,"CCSAP","hsa-mir-203a-3p","hsa-mir-221-3p",0.007,FALSE,NA,NA,NA,"mirtarbase","mirtarbase","hsa-mir-221-3p","hsa-mir-203a-3p",126731,16.1059993721574,16.9275843035539,"""""","""""","""""","""""","""""","""""","""""","""""","""""","""""","""""","""""","""""","""""","""""","""""",""""""
130026,"ICA1L","hsa-mir-378a-5p","hsa-mir-20b-5p",5e-04,FALSE,NA,NA,NA,"mirtarbase","mirtarbase","hsa-mir-20b-5p","hsa-mir-378a-5p",130026,14.0012366421143,11.3655204710185,"12.5784420736406","12.5232601333795","10.7534678819038","13.3576355495403","14.3519467352544","""""","""""","""""","""""","""""","""""","""""","""""","""""","""""","""""",""""""
140901,"STK35","hsa-mir-143-5p","hsa-mir-142-5p",0.007,FALSE,NA,NA,NA,"mirtarbase","tarbase","hsa-mir-142-5p","hsa-mir-143-5p",140901,17.3012702426596,19.0379906015357,"19.6733755584909","""""","""""","""""","""""","""""","""""","""""","""""","""""","""""","""""","""""","""""","""""","""""",""""""
144455,"E2F7","hsa-mir-10a-5p","hsa-mir-30a-5p",0.007,TRUE,NA,NA,NA,"mirtarbase tarbase","tarbase","hsa-mir-30a-5p","hsa-mir-10a-5p",144455,11.9646631708844,11.0424807127012,"10.7892338719832","11.6398885406904","11.7017917161409","12.1553910371499","""""","""""","""""","""""","""""","""""","""""","""""","""""","""""","""""","""""",""""""
153222,"CREBRF","hsa-mir-33b-5p","hsa-mir-320c",0.0065,FALSE,NA,NA,NA,"tarbase","mirtarbase","hsa-mir-320c","hsa-mir-33b-5p",153222,16.3555124822582,16.1710600352372,"15.6528505602897","15.6653797680129","""""","""""","""""","""""","""""","""""","""""","""""","""""","""""","""""","""""","""""","""""",""""""
153241,"CEP120","hsa-mir-199a-5p","hsa-let-7b-5p",0.0025,FALSE,NA,NA,NA,"mirtarbase","mirtarbase tarbase","hsa-let-7b-5p","hsa-mir-199a-5p",153241,14.7204037868346,14.944556771374,"13.5285880416035","15.6380135860398","15.6023406604015","16.7502611976073","15.740667269098","16.4015463004237","16.0693985804138","15.991284846299","16.0146473192401","""""","""""","""""","""""","""""","""""","""""",""""""
163702,"IFNLR1","hsa-let-7b-5p","hsa-mir-379-5p",0.0045,FALSE,NA,NA,NA,"mirtarbase tarbase","mirtarbase","hsa-mir-379-5p","hsa-let-7b-5p",163702,13.9753892563817,13.8759804027271,"14.1519173113481","14.3298466544435","14.5383731402481","12.8480639518462","12.9919468109024","13.9097944714909","""""","""""","""""","""""","""""","""""","""""","""""","""""","""""",""""""
170959,"ZNF431","hsa-mir-3614-5p","hsa-mir-495-3p",0.008,TRUE,NA,NA,NA,"tarbase","mirtarbase","hsa-mir-495-3p","hsa-mir-3614-5p",170959,14.4440129364687,12.4146884780255,"14.6249707844704","14.0920454162819","14.6195879967217","14.7586549853393","15.0256211505812","""""","""""","""""","""""","""""","""""","""""","""""","""""","""""","""""",""""""
192683,"SCAMP5","hsa-mir-195-5p","hsa-mir-15a-5p",0.001,FALSE,NA,NA,NA,"mirtarbase tarbase","mirtarbase tarbase","hsa-mir-15a-5p","hsa-mir-195-5p",192683,17.7459493621044,18.245953393563,"14.9647504294143","14.3817139327846","18.3737197179552","18.3332886094058","15.5212351340576","15.6928431657374","16.0750368977564","21.0673690347887","16.5759601586345","16.352579552597","""""","""""","""""","""""","""""","""""",""""""
204851,"HIPK1","hsa-mir-491-5p","hsa-mir-320b",0.0095,FALSE,NA,NA,NA,"tarbase","tarbase","hsa-mir-320b","hsa-mir-491-5p",204851,17.1435890007445,16.9773136860645,"16.6342927776384","16.9107178711083","17.8498200145586","""""","""""","""""","""""","""""","""""","""""","""""","""""","""""","""""","""""","""""",""""""
221178,"SPATA13","hsa-mir-30a-5p","hsa-mir-20a-3p",0.007,FALSE,NA,NA,NA,"tarbase","tarbase","hsa-mir-20a-3p","hsa-mir-30a-5p",221178,14.4392194201149,15.1720621050753,"13.4681476175261","12.6063921179206","13.7973664366193","15.2742106961337","16.0414827221006","15.5650906339907","13.0655140088389","15.8514768477126","15.2754853069501","""""","""""","""""","""""","""""","""""","""""",""""""
253943,"YTHDF3","hsa-mir-3150b-3p","hsa-mir-20b-5p",0.001,FALSE,NA,NA,NA,"tarbase","tarbase","hsa-mir-20b-5p","hsa-mir-3150b-3p",253943,18.7783393168556,18.6196369292444,"19.2275838042986","19.1755031079938","18.9440228096536","18.0391799437493","""""","""""","""""","""""","""""","""""","""""","""""","""""","""""","""""","""""",""""""
285172,"FAM126B","hsa-mir-320c","hsa-mir-33b-5p",0.0055,FALSE,NA,NA,NA,"tarbase","tarbase","hsa-mir-33b-5p","hsa-mir-320c",285172,14.9763377213109,14.988297075025,"14.3209642555957","14.62746788838","""""","""""","""""","""""","""""","""""","""""","""""","""""","""""","""""","""""","""""","""""",""""""
346653,"FAM71F2","hsa-mir-3130-5p","hsa-mir-760",0.006,FALSE,NA,NA,NA,"mirtarbase","mirtarbase","hsa-mir-760","hsa-mir-3130-5p",346653,9.97816625965947,11.0259253750434,"10.346589608608","10.7955113012741","11.2780402040366","10.7959820117157","9.78306454431791","""""","""""","""""","""""","""""","""""","""""","""""","""""","""""","""""",""""""
729830,"FAM160A1","hsa-mir-424-5p","hsa-mir-146b-5p",0.0015,FALSE,NA,NA,NA,"tarbase","tarbase","hsa-mir-146b-5p","hsa-mir-424-5p",729830,13.4159474023799,13.3923901157903,"""""","""""","""""","""""","""""","""""","""""","""""","""""","""""","""""","""""","""""","""""","""""","""""",""""""
