"info","is_mrna_tf","name","selected","shared.name","updown","significance","miRfamily","mirnaCluster"
"mirna","","mir-199b-5p","false","mir-199b-5p","Down",0.616616794575711,"miR-199-5p","hsa-mir-199b,hsa-mir-3154"
"dummy","","","false","mir-199b-5p/mir-20a-3p","dummy",NA,NA,NA
"mirna","","mir-1-3p","false","mir-1-3p","Down",8.53727925906969e-05,"miR-1-3p/206","hsa-mir-133a-1,hsa-mir-1-2"
"dummy","","","false","mir-1-3p/mir-92a-1-5p","dummy",NA,NA,NA
"mirna","","mir-142-5p","false","mir-142-5p","Up",0.183024279196479,"miR-142-5p","hsa-mir-142,hsa-mir-4736"
"dummy","","","false","mir-142-5p/mir-3170","dummy",NA,NA,NA
"mirna","","mir-92a-1-5p","false","mir-92a-1-5p","Up",0.0109265921976787,"miR-92a-1-5p","hsa-mir-17,hsa-mir-18a,hsa-mir-19a,hsa-mir-20a,hsa-mir-19b-1,hsa-mir-92a-1"
"dummy","","","false","mir-92a-1-5p/mir-32-3p","dummy",NA,NA,NA
"mirna","","let-7f-5p","false","let-7f-5p","Down",0.448637560671287,"let-7-5p/98-5p","hsa-let-7a-1,hsa-let-7f-1,hsa-let-7d"
"dummy","","","false","let-7f-5p/mir-221-5p","dummy",NA,NA,NA
"mirna","","mir-125b-2-3p","false","mir-125b-2-3p","Down",0.584139996716103,"miR-125b-2-3p","hsa-mir-125b-2"
"dummy","","","false","mir-125b-2-3p/mir-378a-3p","dummy",NA,NA,NA
"dummy","","","false","mir-125b-2-3p/mir-671-5p","dummy",NA,NA,NA
"mirna","","mir-335-5p","false","mir-335-5p","Up",0.146104275413537,"miR-335-5p","hsa-mir-335"
"dummy","","","false","mir-335-5p/mir-3150b-3p","dummy",NA,NA,NA
"mirna","","mir-33a-3p","false","mir-33a-3p","Up",0.928037588668743,"miR-33a-3p","hsa-mir-33a"
"dummy","","","false","mir-33a-3p/mir-7-1-3p","dummy",NA,NA,NA
"mirna","","mir-1271-5p","false","mir-1271-5p","Up",0.153432969428519,"miR-96-5p/1271-5p","hsa-mir-1271"
"dummy","","","false","mir-1271-5p/mir-2355-5p","dummy",NA,NA,NA
"mirna","","mir-17-5p","false","mir-17-5p","Up",0.441381002128842,"miR-17-5p/20-5p/93-5p/106-5p/519-3p","hsa-mir-17,hsa-mir-18a,hsa-mir-19a,hsa-mir-20a,hsa-mir-19b-1,hsa-mir-92a-1"
"dummy","","","false","mir-17-5p/mir-148a-3p","dummy",NA,NA,NA
"mirna","","mir-106a-5p","false","mir-106a-5p","Down",0.540073673841997,"miR-17-5p/20-5p/93-5p/106-5p/519-3p","hsa-mir-363,hsa-mir-92a-2,hsa-mir-19b-2,hsa-mir-20b,hsa-mir-18b,hsa-mir-106a"
"dummy","","","false","mir-106a-5p/mir-153-3p","dummy",NA,NA,NA
"dummy","","","false","let-7f-5p/mir-19a-3p","dummy",NA,NA,NA
"mirna","","mir-939-5p","false","mir-939-5p","Up",0.388258380518144,"miR-939-5p/1343-5p","hsa-mir-939,hsa-mir-1234"
"dummy","","","false","mir-939-5p/mir-148a-3p","dummy",NA,NA,NA
"mirna","","mir-3150b-3p","false","mir-3150b-3p","Up",0.00185513472178015,"miR-3150b-3p","hsa-mir-3150b,hsa-mir-3150a"
"dummy","","","false","mir-3150b-3p/mir-31-5p","dummy",NA,NA,NA
"mirna","","mir-767-5p","false","mir-767-5p","Up",4.79253207093608e-05,"miR-767-5p","hsa-mir-105-1,hsa-mir-767,hsa-mir-105-2"
"dummy","","","false","mir-767-5p/mir-19a-3p","dummy",NA,NA,NA
"mirna","","mir-133b","false","mir-133b","Down",0.0007751250871209,"miR-133a-3p.2/133b","hsa-mir-206,hsa-mir-133b"
"dummy","","","false","mir-133b/mir-133a-3p","dummy",NA,NA,NA
"mirna","","mir-19a-3p","false","mir-19a-3p","Up",0.321989538623403,"miR-19-3p","hsa-mir-17,hsa-mir-18a,hsa-mir-19a,hsa-mir-20a,hsa-mir-19b-1,hsa-mir-92a-1"
"dummy","","","false","mir-19a-3p/mir-421","dummy",NA,NA,NA
"mirna","","mir-3127-5p","false","mir-3127-5p","Up",0.281269310269274,"miR-3127-5p","hsa-mir-3127"
"dummy","","","false","mir-3127-5p/mir-125a-3p","dummy",NA,NA,NA
"mirna","","mir-106b-5p","false","mir-106b-5p","Up",0.294031875942692,"miR-17-5p/20-5p/93-5p/106-5p/519-3p","hsa-mir-25,hsa-mir-93,hsa-mir-106b"
"dummy","","","false","mir-106b-5p/mir-129-5p","dummy",NA,NA,NA
"mirna","","mir-642a-5p","false","mir-642a-5p","Down",0.0539445562209651,"miR-642a-5p","hsa-mir-642a,hsa-mir-642b"
"dummy","","","false","mir-642a-5p/mir-532-5p","dummy",NA,NA,NA
"mirna","","mir-103a-2-5p","false","mir-103a-2-5p","Up",0.363960072336781,"miR-103a-2-5p","hsa-mir-103a-2,hsa-mir-103b-2"
"dummy","","","false","mir-103a-2-5p/mir-502-5p","dummy",NA,NA,NA
"dummy","","","false","mir-92a-1-5p/mir-3150b-3p","dummy",NA,NA,NA
"mirna","","mir-301a-3p","false","mir-301a-3p","Up",0.0534041557798386,"miR-130-3p/301-3p/454-3p","hsa-mir-301a"
"dummy","","","false","mir-301a-3p/mir-30a-3p","dummy",NA,NA,NA
"mirna","","mir-18a-5p","false","mir-18a-5p","Up",0.0164332564847604,"miR-18-5p","hsa-mir-17,hsa-mir-18a,hsa-mir-19a,hsa-mir-20a,hsa-mir-19b-1,hsa-mir-92a-1"
"dummy","","","false","mir-18a-5p/mir-17-5p","dummy",NA,NA,NA
"mirna","","mir-196a-5p","false","mir-196a-5p","Up",1.56777392647817e-11,"miR-196-5p","hsa-mir-196a-1"
"dummy","","","false","mir-196a-5p/mir-215-5p","dummy",NA,NA,NA
"mirna","","mir-577","false","mir-577","Down",0.583950878651813,"miR-577","hsa-mir-577"
"dummy","","","false","mir-577/mir-215-5p","dummy",NA,NA,NA
"mirna","","mir-190a-5p","false","mir-190a-5p","Down",0.0638480567141085,"miR-190-5p","hsa-mir-190a"
"dummy","","","false","mir-190a-5p/mir-215-5p","dummy",NA,NA,NA
"mirna","","mir-182-5p","false","mir-182-5p","Down",0.756471969257837,"miR-182-5p","hsa-mir-182,hsa-mir-96,hsa-mir-183"
"dummy","","","false","mir-182-5p/mir-106b-5p","dummy",NA,NA,NA
"dummy","","","false","mir-335-5p/mir-582-3p","dummy",NA,NA,NA
"dummy","","","false","mir-18a-5p/mir-138-5p","dummy",NA,NA,NA
"mirna","","mir-627-5p","false","mir-627-5p","Up",0.451930860671166,"miR-627-5p","hsa-mir-627"
"dummy","","","false","mir-627-5p/mir-17-5p","dummy",NA,NA,NA
"mirna","","mir-625-5p","false","mir-625-5p","Down",0.572157433715595,"miR-625-5p","hsa-mir-625"
"dummy","","","false","mir-625-5p/mir-106a-5p","dummy",NA,NA,NA
"mirna","","mir-183-3p","false","mir-183-3p","Up",0.12091202879477,"miR-183-3p","hsa-mir-182,hsa-mir-96,hsa-mir-183"
"dummy","","","false","mir-183-3p/mir-130a-3p","dummy",NA,NA,NA
"mirna","","mir-215-5p","false","mir-215-5p","Down",0.450941209449217,"miR-192-5p/215-5p","hsa-mir-215,hsa-mir-194-1"
"dummy","","","false","mir-215-5p/mir-192-5p","dummy",NA,NA,NA
"mirna","","mir-589-3p","false","mir-589-3p","Up",0.126150540956684,"miR-589-3p","hsa-mir-589"
"dummy","","","false","mir-589-3p/mir-582-3p","dummy",NA,NA,NA
"mirna","","mir-582-3p","false","mir-582-3p","Down",0.314488447330157,"miR-582-3p","hsa-mir-582"
"dummy","","","false","mir-582-3p/mir-18a-5p","dummy",NA,NA,NA
"mirna","","mir-221-5p","false","mir-221-5p","Up",0.0490858924173014,"miR-221-5p/8073","hsa-mir-221,hsa-mir-222"
"dummy","","","false","mir-221-5p/mir-142-5p","dummy",NA,NA,NA
"mirna","","mir-192-5p","false","mir-192-5p","Down",0.0803958209042905,"miR-192-5p/215-5p","hsa-mir-192,hsa-mir-194-2"
"dummy","","","false","mir-192-5p/mir-338-5p","dummy",NA,NA,NA
"dummy","","","false","mir-221-5p/mir-215-5p","dummy",NA,NA,NA
"mirna","","mir-153-3p","false","mir-153-3p","Down",0.00026324192368962,"miR-153-3p","hsa-mir-153-1"
"dummy","","","false","mir-153-3p/mir-29b-1-5p","dummy",NA,NA,NA
"dummy","","","false","mir-106a-5p/mir-20b-5p","dummy",NA,NA,NA
"mirna","","mir-135b-5p","false","mir-135b-5p","Up",5.28660332005104e-05,"miR-135-5p","hsa-mir-135b"
"dummy","","","false","mir-135b-5p/mir-193b-3p","dummy",NA,NA,NA
"mirna","","mir-143-3p","false","mir-143-3p","Down",0.0893240922835545,"miR-143-3p","hsa-mir-143,hsa-mir-145"
"dummy","","","false","mir-143-3p/let-7c-5p","dummy",NA,NA,NA
"dummy","","","false","mir-1-3p/mir-218-5p","dummy",NA,NA,NA
"mirna","","mir-324-3p","false","mir-324-3p","Up",0.304820779855788,"miR-324-3p/1913","hsa-mir-324"
"dummy","","","false","mir-324-3p/let-7c-5p","dummy",NA,NA,NA
"dummy","","","false","mir-106b-5p/mir-218-5p","dummy",NA,NA,NA
"mirna","","mir-130b-3p","false","mir-130b-3p","Up",0.220313478922527,"miR-130-3p/301-3p/454-3p","hsa-mir-301b,hsa-mir-130b"
"dummy","","","false","mir-130b-3p/mir-32-3p","dummy",NA,NA,NA
"mirna","","mir-335-3p","false","mir-335-3p","Up",0.0247774085189889,"miR-335-3p","hsa-mir-335"
"dummy","","","false","mir-335-3p/mir-31-5p","dummy",NA,NA,NA
"mirna","","mir-671-5p","false","mir-671-5p","Up",0.17005467722345,"miR-671-5p","hsa-mir-671"
"dummy","","","false","mir-671-5p/mir-130a-5p","dummy",NA,NA,NA
"dummy","","","false","mir-190a-5p/mir-125b-2-3p","dummy",NA,NA,NA
"dummy","","","false","mir-335-5p/mir-301a-3p","dummy",NA,NA,NA
"dummy","","","false","mir-103a-2-5p/mir-106a-5p","dummy",NA,NA,NA
"mirna","","mir-500b-5p","false","mir-500b-5p","Down",0.454260336453029,"miR-500a-5p","hsa-mir-532,hsa-mir-188,hsa-mir-500a,hsa-mir-362,hsa-mir-501,hsa-mir-500b,hsa-mir-660,hsa-mir-502"
"dummy","","","false","mir-500b-5p/mir-550a-3p","dummy",NA,NA,NA
"dummy","","","false","mir-627-5p/mir-7-1-3p","dummy",NA,NA,NA
"mirna","","mir-376c-3p","false","mir-376c-3p","Down",0.743582320138979,"miR-376c-3p","hsa-mir-494,hsa-mir-1193,hsa-mir-543,hsa-mir-495,hsa-mir-376c,hsa-mir-376a-2,hsa-mir-654,hsa-mir-376b,hsa-mir-376a-1,hsa-mir-300,hsa-mir-1185-1,hsa-mir-1185-2,hsa-mir-381,hsa-mir-487b,hsa-mir-539,hsa-mir-889,hsa-mir-544a,hsa-mir-655"
"dummy","","","false","mir-376c-3p/mir-221-5p","dummy",NA,NA,NA
"dummy","","","false","mir-130b-3p/mir-182-5p","dummy",NA,NA,NA
"dummy","","","false","mir-221-5p/mir-615-3p","dummy",NA,NA,NA
"mirna","","mir-96-5p","false","mir-96-5p","Up",0.151923927204803,"miR-96-5p/1271-5p","hsa-mir-182,hsa-mir-96,hsa-mir-183"
"dummy","","","false","mir-96-5p/mir-129-5p","dummy",NA,NA,NA
"dummy","","","false","mir-130b-3p/mir-129-5p","dummy",NA,NA,NA
"mirna","","mir-105-5p","false","mir-105-5p","Up",0.00036719956735952,"miR-105-5p","hsa-mir-105-1,hsa-mir-767,hsa-mir-105-2"
"dummy","","","false","mir-105-5p/mir-182-5p","dummy",NA,NA,NA
"dummy","","","false","mir-19a-3p/mir-139-3p","dummy",NA,NA,NA
"mirna","","mir-363-3p","false","mir-363-3p","Down",0.0672002779872698,"miR-25-3p/32-5p/92-3p/363-3p/367-3p","hsa-mir-363,hsa-mir-92a-2,hsa-mir-19b-2,hsa-mir-20b,hsa-mir-18b,hsa-mir-106a"
"dummy","","","false","mir-363-3p/mir-615-3p","dummy",NA,NA,NA
"dummy","","","false","mir-19a-3p/mir-615-3p","dummy",NA,NA,NA
"dummy","","","false","mir-19a-3p/mir-155-5p","dummy",NA,NA,NA
"mirna","","mir-129-5p","false","mir-129-5p","Down",1.63148570269129e-05,"miR-129-5p","hsa-mir-129-1"
"dummy","","","false","mir-129-5p/mir-9-3p","dummy",NA,NA,NA
"mirna","","mir-219a-1-3p","false","mir-219a-1-3p","Up",0.0896520332107296,"miR-219a-1-3p",NA
"dummy","","","false","mir-219a-1-3p/mir-532-5p","dummy",NA,NA,NA
"mirna","","mir-200b-3p","false","mir-200b-3p","Down",0.640217045091362,"miR-200bc-3p/429","hsa-mir-200b,hsa-mir-200a,hsa-mir-429"
"dummy","","","false","mir-200b-3p/mir-205-5p","dummy",NA,NA,NA
"mirna","","mir-940","false","mir-940","Up",0.00588018389893562,"miR-940/6808-5p/6893-5p","hsa-mir-3677,hsa-mir-940,hsa-mir-4717"
"dummy","","","false","mir-940/mir-18a-3p","dummy",NA,NA,NA
"dummy","","","false","let-7f-5p/mir-335-5p","dummy",NA,NA,NA
"dummy","","","false","mir-106b-5p/mir-148a-5p","dummy",NA,NA,NA
"mirna","","mir-222-5p","false","mir-222-5p","Up",0.0282396828469628,"miR-222-5p","hsa-mir-221,hsa-mir-222"
"dummy","","","false","mir-222-5p/mir-129-5p","dummy",NA,NA,NA
"dummy","","","false","mir-17-5p/mir-96-5p","dummy",NA,NA,NA
"mirna","","mir-145-5p","false","mir-145-5p","Down",0.0131515037997874,"miR-145-5p","hsa-mir-143,hsa-mir-145"
"dummy","","","false","mir-145-5p/mir-9-5p","dummy",NA,NA,NA
"mirna","","mir-203a-3p","false","mir-203a-3p","Down",0.979725449690497,NA,"hsa-mir-203a,hsa-mir-203b"
"dummy","","","false","mir-203a-3p/mir-205-5p","dummy",NA,NA,NA
"mirna","","mir-99a-5p","false","mir-99a-5p","Down",0.0618221875328147,"miR-99-5p/100-5p","hsa-mir-99a,hsa-let-7c"
"dummy","","","false","mir-99a-5p/mir-18a-5p","dummy",NA,NA,NA
"mirna","","mir-425-5p","false","mir-425-5p","Up",0.779996097741154,"miR-425-5p","hsa-mir-425,hsa-mir-191"
"dummy","","","false","mir-425-5p/mir-130b-3p","dummy",NA,NA,NA
"mirna","","mir-338-5p","false","mir-338-5p","Down",0.00397608077296584,"miR-338-5p","hsa-mir-657,hsa-mir-3065,hsa-mir-338,hsa-mir-1250"
"dummy","","","false","mir-338-5p/mir-153-3p","dummy",NA,NA,NA
"mirna","","mir-550a-3p","false","mir-550a-3p","Up",0.00477932368669298,"miR-200c-5p/550a-3p","hsa-mir-550a-1,hsa-mir-550b-1"
"dummy","","","false","mir-550a-3p/mir-338-5p","dummy",NA,NA,NA
"mirna","","mir-200a-3p","false","mir-200a-3p","Down",0.5800675026348,"miR-141-3p/200a-3p","hsa-mir-200b,hsa-mir-200a,hsa-mir-429"
"dummy","","","false","mir-200a-3p/mir-326","dummy",NA,NA,NA
"mirna","","mir-625-3p","false","mir-625-3p","Down",0.171964525263,"miR-625-3p","hsa-mir-625"
"dummy","","","false","mir-625-3p/mir-338-5p","dummy",NA,NA,NA
"dummy","","","false","mir-625-3p/mir-129-5p","dummy",NA,NA,NA
"mirna","","mir-130b-5p","false","mir-130b-5p","Up",0.752001546849651,"miR-130b-5p","hsa-mir-301b,hsa-mir-130b"
"dummy","","","false","mir-130b-5p/mir-33a-5p","dummy",NA,NA,NA
"mirna","","mir-33a-5p","false","mir-33a-5p","Down",0.899115456865563,"miR-33-5p","hsa-mir-33a"
"dummy","","","false","mir-33a-5p/mir-1301-3p","dummy",NA,NA,NA
"mirna","","mir-429","false","mir-429","Up",0.87706802253632,"miR-200bc-3p/429","hsa-mir-200b,hsa-mir-200a,hsa-mir-429"
"dummy","","","false","mir-429/mir-205-5p","dummy",NA,NA,NA
"mirna","","let-7c-5p","false","let-7c-5p","Down",0.183336087410241,"let-7-5p/98-5p","hsa-mir-99a,hsa-let-7c"
"dummy","","","false","let-7c-5p/mir-96-5p","dummy",NA,NA,NA
"dummy","","","false","mir-106a-5p/mir-196a-5p","dummy",NA,NA,NA
"dummy","","","false","mir-335-3p/mir-940","dummy",NA,NA,NA
"dummy","","","false","mir-182-5p/mir-130a-5p","dummy",NA,NA,NA
"dummy","","","false","mir-106a-5p/mir-130a-5p","dummy",NA,NA,NA
"dummy","","","false","mir-19a-3p/mir-3065-5p","dummy",NA,NA,NA
"mirna","","mir-15b-3p","false","mir-15b-3p","Up",0.0695599127327244,"miR-15b-3p","hsa-mir-15b,hsa-mir-16-2"
"dummy","","","false","mir-15b-3p/mir-429","dummy",NA,NA,NA
"dummy","","","false","mir-671-5p/mir-31-5p","dummy",NA,NA,NA
"mirna","","mir-30a-5p","false","mir-30a-5p","Down",0.0112130238173474,"miR-30-5p","hsa-mir-30a"
"dummy","","","false","mir-30a-5p/mir-335-3p","dummy",NA,NA,NA
"dummy","","","false","mir-627-5p/let-7f-5p","dummy",NA,NA,NA
"dummy","","","false","mir-33a-5p/mir-429","dummy",NA,NA,NA
"mirna","","mir-199a-5p","false","mir-199a-5p","Down",0.804599200127734,"miR-199-5p","hsa-mir-199a-1"
"dummy","","","false","mir-199a-5p/mir-218-5p","dummy",NA,NA,NA
"mirna","","mir-2355-5p","false","mir-2355-5p","Up",0.711525672980465,"miR-2355-5p","hsa-mir-2355"
"dummy","","","false","mir-2355-5p/mir-940","dummy",NA,NA,NA
"dummy","","","false","let-7c-5p/mir-203a-3p","dummy",NA,NA,NA
"mirna","","mir-18a-3p","false","mir-18a-3p","Up",0.00438714948725353,"miR-18a-3p","hsa-mir-17,hsa-mir-18a,hsa-mir-19a,hsa-mir-20a,hsa-mir-19b-1,hsa-mir-92a-1"
"dummy","","","false","mir-18a-3p/mir-532-5p","dummy",NA,NA,NA
"dummy","","","false","mir-33a-3p/mir-532-5p","dummy",NA,NA,NA
"mirna","","mir-532-3p","false","mir-532-3p","Down",0.812388885842357,"miR-532-3p","hsa-mir-532,hsa-mir-188,hsa-mir-500a,hsa-mir-362,hsa-mir-501,hsa-mir-500b"
"dummy","","","false","mir-532-3p/mir-532-5p","dummy",NA,NA,NA
"dummy","","","false","mir-222-5p/mir-508-3p","dummy",NA,NA,NA
"mirna","","mir-218-5p","false","mir-218-5p","Down",0.164045750577955,"miR-218-5p","hsa-mir-218-1"
"dummy","","","false","mir-218-5p/mir-34b-3p","dummy",NA,NA,NA
"mirna","","mir-155-5p","false","mir-155-5p","Up",0.630865267829754,"miR-155-5p","hsa-mir-155"
"dummy","","","false","mir-155-5p/mir-130b-5p","dummy",NA,NA,NA
"dummy","","","false","mir-203a-3p/mir-224-5p","dummy",NA,NA,NA
"dummy","","","false","mir-155-5p/mir-589-3p","dummy",NA,NA,NA
"dummy","","","false","let-7f-5p/mir-139-3p","dummy",NA,NA,NA
"dummy","","","false","mir-143-3p/mir-150-5p","dummy",NA,NA,NA
"mirna","","mir-455-3p","false","mir-455-3p","Up",0.0640264221845851,NA,"hsa-mir-455"
"dummy","","","false","mir-455-3p/mir-651-5p","dummy",NA,NA,NA
"mirna","","mir-20b-5p","false","mir-20b-5p","Down",0.17355875913484,"miR-17-5p/20-5p/93-5p/106-5p/519-3p","hsa-mir-363,hsa-mir-92a-2,hsa-mir-19b-2,hsa-mir-20b,hsa-mir-18b,hsa-mir-106a"
"dummy","","","false","mir-20b-5p/mir-129-5p","dummy",NA,NA,NA
"mirna","","mir-150-3p","false","mir-150-3p","Down",0.993629773185315,"miR-150-3p","hsa-mir-150"
"dummy","","","false","mir-150-3p/mir-129-5p","dummy",NA,NA,NA
"dummy","","","false","mir-940/let-7c-5p","dummy",NA,NA,NA
"dummy","","","false","mir-19a-3p/mir-106b-5p","dummy",NA,NA,NA
"dummy","","","false","mir-200b-3p/mir-192-5p","dummy",NA,NA,NA
"dummy","","","false","mir-33a-3p/mir-532-3p","dummy",NA,NA,NA
"mirna","","let-7a-2-3p","false","let-7a-2-3p","Up",0.857288829248601,"let-7a-2-3p/let-7g-3p","hsa-let-7a-2,hsa-mir-100"
"dummy","","","false","let-7a-2-3p/mir-1301-3p","dummy",NA,NA,NA
"mirna","","mir-32-3p","false","mir-32-3p","Up",0.439240945718331,"miR-32-3p","hsa-mir-32"
"dummy","","","false","mir-32-3p/mir-301a-3p","dummy",NA,NA,NA
"dummy","","","false","mir-33a-5p/mir-616-5p","dummy",NA,NA,NA
"dummy","","","false","mir-33a-5p/mir-96-5p","dummy",NA,NA,NA
"mirna","","mir-183-5p","false","mir-183-5p","Up",0.574819290146162,NA,"hsa-mir-182,hsa-mir-96,hsa-mir-183"
"dummy","","","false","mir-183-5p/mir-33a-5p","dummy",NA,NA,NA
"dummy","","","false","mir-182-5p/mir-33a-5p","dummy",NA,NA,NA
"mirna","","mir-193b-3p","false","mir-193b-3p","Down",0.914150223202021,"miR-193-3p","hsa-mir-193b,hsa-mir-365a"
"dummy","","","false","mir-193b-3p/mir-532-3p","dummy",NA,NA,NA
"dummy","","","false","mir-193b-3p/mir-3127-5p","dummy",NA,NA,NA
"dummy","","","false","mir-183-5p/mir-224-5p","dummy",NA,NA,NA
"mirna","","mir-224-5p","false","mir-224-5p","Up",0.0002219630824822,"miR-224-5p","hsa-mir-224,hsa-mir-452"
"dummy","","","false","mir-224-5p/mir-425-5p","dummy",NA,NA,NA
"dummy","","","false","mir-130b-3p/mir-429","dummy",NA,NA,NA
"dummy","","","false","mir-129-5p/mir-138-5p","dummy",NA,NA,NA
"mirna","","mir-362-5p","false","mir-362-5p","Down",0.210380157275523,"miR-362-5p/500b-5p","hsa-mir-532,hsa-mir-188,hsa-mir-500a,hsa-mir-362,hsa-mir-501,hsa-mir-500b,hsa-mir-660,hsa-mir-502"
"dummy","","","false","mir-362-5p/mir-29b-1-5p","dummy",NA,NA,NA
"mirna","","mir-411-5p","false","mir-411-5p","Down",0.761767552146932,NA,"hsa-mir-379,hsa-mir-411,hsa-mir-299,hsa-mir-380,hsa-mir-1197,hsa-mir-323a,hsa-mir-758,hsa-mir-329-1,hsa-mir-329-2,hsa-mir-494,hsa-mir-1193,hsa-mir-543"
"dummy","","","false","mir-411-5p/mir-935","dummy",NA,NA,NA
"mirna","","mir-942-5p","false","mir-942-5p","Up",0.0324675179815818,"miR-942-5p","hsa-mir-942"
"dummy","","","false","mir-942-5p/mir-138-5p","dummy",NA,NA,NA
"mirna","","mir-431-5p","false","mir-431-5p","Up",0.0005651410333635,"miR-431-5p","hsa-mir-337,hsa-mir-665,hsa-mir-431,hsa-mir-433,hsa-mir-127,hsa-mir-432,hsa-mir-136"
"dummy","","","false","mir-431-5p/mir-3928-3p","dummy",NA,NA,NA
"dummy","","","false","mir-183-3p/mir-142-5p","dummy",NA,NA,NA
"dummy","","","false","mir-301a-3p/mir-500a-5p","dummy",NA,NA,NA
"dummy","","","false","mir-627-5p/mir-194-5p","dummy",NA,NA,NA
"mirna","","mir-378a-3p","false","mir-378a-3p","Down",0.176123886184517,"miR-378-3p","hsa-mir-378a"
"dummy","","","false","mir-378a-3p/mir-221-5p","dummy",NA,NA,NA
"mirna","","mir-3682-3p","false","mir-3682-3p","Up",0.00760201393140592,"miR-3682-3p","hsa-mir-3682"
"dummy","","","false","mir-3682-3p/mir-942-5p","dummy",NA,NA,NA
"dummy","","","false","mir-671-5p/mir-19a-3p","dummy",NA,NA,NA
"dummy","","","false","mir-200a-3p/mir-31-5p","dummy",NA,NA,NA
"dummy","","","false","mir-203a-3p/mir-96-5p","dummy",NA,NA,NA
"dummy","","","false","mir-203a-3p/mir-182-5p","dummy",NA,NA,NA
"mirna","","mir-224-3p","false","mir-224-3p","Up",0.0106698568914738,"miR-522-3p","hsa-mir-224,hsa-mir-452"
"dummy","","","false","mir-224-3p/mir-96-5p","dummy",NA,NA,NA
"dummy","","","false","mir-224-5p/mir-182-5p","dummy",NA,NA,NA
"dummy","","","false","mir-301a-3p/mir-99a-5p","dummy",NA,NA,NA
"mirna","","mir-410-3p","false","mir-410-3p","Up",0.913252840347364,"miR-410-3p","hsa-mir-323b,hsa-mir-154,hsa-mir-496,hsa-mir-377,hsa-mir-541,hsa-mir-409,hsa-mir-412,hsa-mir-369,hsa-mir-410,hsa-mir-656"
"dummy","","","false","mir-410-3p/mir-30a-5p","dummy",NA,NA,NA
"dummy","","","false","mir-155-5p/mir-125b-5p","dummy",NA,NA,NA
"mirna","","mir-193b-5p","false","mir-193b-5p","Up",0.345628883945129,"miR-193b-5p","hsa-mir-193b,hsa-mir-365a"
"dummy","","","false","mir-193b-5p/mir-148a-3p","dummy",NA,NA,NA
"dummy","","","false","mir-193b-3p/mir-3928-3p","dummy",NA,NA,NA
"dummy","","","false","mir-362-5p/mir-485-3p","dummy",NA,NA,NA
"mirna","","mir-20a-3p","false","mir-20a-3p","Up",0.213069228452134,"miR-20a-3p","hsa-mir-17,hsa-mir-18a,hsa-mir-19a,hsa-mir-20a,hsa-mir-19b-1,hsa-mir-92a-1"
"dummy","","","false","mir-20a-3p/mir-335-3p","dummy",NA,NA,NA
"dummy","","","false","mir-190a-5p/mir-192-5p","dummy",NA,NA,NA
"mirna","","mir-130a-3p","false","mir-130a-3p","Down",0.767100776141861,"miR-130-3p/301-3p/454-3p","hsa-mir-130a"
"dummy","","","false","mir-130a-3p/mir-221-5p","dummy",NA,NA,NA
"mirna","","mir-196b-5p","false","mir-196b-5p","Up",3.08048811844286e-07,"miR-196-5p","hsa-mir-196b"
"dummy","","","false","mir-196b-5p/mir-3934-5p","dummy",NA,NA,NA
"dummy","","","false","mir-196a-5p/mir-3934-5p","dummy",NA,NA,NA
"dummy","","","false","mir-589-3p/mir-125b-5p","dummy",NA,NA,NA
"dummy","","","false","mir-425-5p/mir-431-3p","dummy",NA,NA,NA
"mirna","","mir-2110","false","mir-2110","Up",0.667691592552592,"miR-2110","hsa-mir-2110"
"dummy","","","false","mir-2110/mir-1301-3p","dummy",NA,NA,NA
"dummy","","","false","mir-18a-3p/mir-653-5p","dummy",NA,NA,NA
"mirna","","mir-301b-3p","false","mir-301b-3p","Up",0.00528251866128138,"miR-130-3p/301-3p/454-3p","hsa-mir-301b,hsa-mir-130b"
"dummy","","","false","mir-301b-3p/mir-501-5p","dummy",NA,NA,NA
"dummy","","","false","mir-130b-3p/mir-20b-5p","dummy",NA,NA,NA
"mirna","","mir-1270","false","mir-1270","Up",0.520606961155107,"miR-1270",NA
"dummy","","","false","mir-1270/mir-942-5p","dummy",NA,NA,NA
"mirna","","mir-877-5p","false","mir-877-5p","Up",0.00493236203481739,"miR-877-5p","hsa-mir-877"
"dummy","","","false","mir-877-5p/mir-548v","dummy",NA,NA,NA
"dummy","","","false","let-7f-5p/mir-185-3p","dummy",NA,NA,NA
"dummy","","","false","mir-92a-1-5p/mir-31-5p","dummy",NA,NA,NA
"dummy","","","false","mir-106b-5p/mir-125a-3p","dummy",NA,NA,NA
"dummy","","","false","mir-17-5p/mir-99a-3p","dummy",NA,NA,NA
"mirna","","mir-99a-3p","false","mir-99a-3p","Down",0.316096612778548,"miR-99-3p","hsa-mir-99a,hsa-let-7c"
"dummy","","","false","mir-99a-3p/mir-19a-3p","dummy",NA,NA,NA
"dummy","","","false","mir-103a-2-5p/mir-19a-3p","dummy",NA,NA,NA
"dummy","","","false","mir-19a-3p/mir-193b-5p","dummy",NA,NA,NA
"dummy","","","false","mir-19a-3p/mir-125a-3p","dummy",NA,NA,NA
"mirna","","mir-194-3p","false","mir-194-3p","Down",0.279524003542504,"miR-194-3p","hsa-mir-192,hsa-mir-194-2"
"dummy","","","false","mir-194-3p/mir-192-3p","dummy",NA,NA,NA
"mirna","","mir-223-5p","false","mir-223-5p","Up",0.172578015628077,"miR-223-5p","hsa-mir-223"
"dummy","","","false","mir-223-5p/mir-148a-5p","dummy",NA,NA,NA
"dummy","","","false","mir-223-5p/mir-106b-5p","dummy",NA,NA,NA
"dummy","","","false","mir-218-5p/mir-96-5p","dummy",NA,NA,NA
"dummy","","","false","mir-940/mir-106b-5p","dummy",NA,NA,NA
"dummy","","","false","mir-142-5p/mir-935","dummy",NA,NA,NA
"mirna","","mir-1180-3p","false","mir-1180-3p","Up",0.0683909639933851,"miR-1180-3p","hsa-mir-1180"
"dummy","","","false","mir-1180-3p/mir-20b-5p","dummy",NA,NA,NA
"mirna","","mir-30a-3p","false","mir-30a-3p","Down",0.00854527198380856,"miR-30-3p","hsa-mir-30a"
"dummy","","","false","mir-30a-3p/mir-203a-3p","dummy",NA,NA,NA
"dummy","","","false","mir-218-5p/mir-125b-2-3p","dummy",NA,NA,NA
"mirna","","mir-629-3p","false","mir-629-3p","Up",0.192003396180065,"miR-629-3p","hsa-mir-629"
"dummy","","","false","mir-629-3p/mir-200b-3p","dummy",NA,NA,NA
"mirna","","mir-532-5p","false","mir-532-5p","Down",0.430196586413313,"miR-532-5p","hsa-mir-532,hsa-mir-188,hsa-mir-500a,hsa-mir-362,hsa-mir-501,hsa-mir-500b"
"dummy","","","false","mir-532-5p/mir-196a-5p","dummy",NA,NA,NA
"dummy","","","false","mir-582-3p/mir-155-5p","dummy",NA,NA,NA
"dummy","","","false","mir-942-5p/mir-3934-5p","dummy",NA,NA,NA
"mirna","","mir-125a-3p","false","mir-125a-3p","Up",0.0861666559653864,"miR-125a-3p","hsa-mir-99b,hsa-let-7e,hsa-mir-125a"
"dummy","","","false","mir-125a-3p/mir-625-5p","dummy",NA,NA,NA
"mirna","","mir-654-3p","false","mir-654-3p","Down",0.555118106173641,"miR-654-3p","hsa-mir-543,hsa-mir-495,hsa-mir-376c,hsa-mir-376a-2,hsa-mir-654,hsa-mir-376b,hsa-mir-376a-1,hsa-mir-300,hsa-mir-1185-1,hsa-mir-1185-2,hsa-mir-381,hsa-mir-487b,hsa-mir-539,hsa-mir-889,hsa-mir-544a,hsa-mir-655"
"dummy","","","false","mir-654-3p/mir-17-5p","dummy",NA,NA,NA
"dummy","","","false","mir-30a-5p/mir-625-5p","dummy",NA,NA,NA
"mirna","","mir-937-3p","false","mir-937-3p","Up",0.0002195387110512,"miR-937-3p","hsa-mir-937"
"dummy","","","false","mir-937-3p/mir-939-5p","dummy",NA,NA,NA
"mirna","","mir-7-5p","false","mir-7-5p","Up",0.0698988550093284,"miR-7-5p","hsa-mir-7-1"
"dummy","","","false","mir-7-5p/mir-19a-3p","dummy",NA,NA,NA
"dummy","","","false","mir-143-3p/mir-130b-5p","dummy",NA,NA,NA
"mirna","","mir-744-3p","false","mir-744-3p","Up",0.0397096671938487,"miR-744-3p","hsa-mir-744"
"dummy","","","false","mir-744-3p/mir-96-5p","dummy",NA,NA,NA
"dummy","","","false","let-7a-2-3p/mir-33b-5p","dummy",NA,NA,NA
"dummy","","","false","mir-33a-3p/mir-425-5p","dummy",NA,NA,NA
"dummy","","","false","mir-129-5p/mir-431-5p","dummy",NA,NA,NA
"dummy","","","false","mir-106a-5p/mir-30c-2-3p","dummy",NA,NA,NA
"mirna","","mir-758-3p","false","mir-758-3p","Up",0.25701430532785,"miR-758-3p","hsa-mir-379,hsa-mir-411,hsa-mir-299,hsa-mir-380,hsa-mir-1197,hsa-mir-323a,hsa-mir-758,hsa-mir-329-1,hsa-mir-329-2,hsa-mir-494,hsa-mir-1193,hsa-mir-543,hsa-mir-495"
"dummy","","","false","mir-758-3p/mir-377-5p","dummy",NA,NA,NA
"dummy","","","false","mir-589-3p/mir-4326","dummy",NA,NA,NA
"dummy","","","false","mir-20a-3p/mir-33a-5p","dummy",NA,NA,NA
"dummy","","","false","mir-19a-3p/mir-33a-5p","dummy",NA,NA,NA
"dummy","","","false","mir-7-5p/mir-323b-3p","dummy",NA,NA,NA
"dummy","","","false","mir-106a-5p/mir-942-5p","dummy",NA,NA,NA
"dummy","","","false","mir-30a-5p/mir-17-5p","dummy",NA,NA,NA
"dummy","","","false","mir-335-5p/mir-30c-2-3p","dummy",NA,NA,NA
"dummy","","","false","mir-223-5p/mir-144-3p","dummy",NA,NA,NA
"mirna","","mir-3065-3p","false","mir-3065-3p","Down",0.0640556928841004,"miR-3065-3p","hsa-mir-657,hsa-mir-3065,hsa-mir-338,hsa-mir-1250"
"dummy","","","false","mir-3065-3p/mir-183-3p","dummy",NA,NA,NA
"dummy","","","false","mir-96-5p/mir-182-5p","dummy",NA,NA,NA
"mirna","","mir-3934-5p","false","mir-3934-5p","Up",0.572233087418905,"miR-3934-5p","hsa-mir-3934"
"dummy","","","false","mir-3934-5p/mir-378a-3p","dummy",NA,NA,NA
"dummy","","","false","mir-411-5p/mir-19a-3p","dummy",NA,NA,NA
"mirna","","mir-486-5p","false","mir-486-5p","Down",0.106110148055454,"miR-486-5p",NA
"dummy","","","false","mir-486-5p/mir-1-3p","dummy",NA,NA,NA
"dummy","","","false","mir-221-5p/mir-106b-5p","dummy",NA,NA,NA
"dummy","","","false","mir-193b-3p/mir-455-3p","dummy",NA,NA,NA
"mirna","","mir-323b-3p","false","mir-323b-3p","Up",0.078114598955626,"miR-323b-3p","hsa-mir-487b,hsa-mir-539,hsa-mir-889,hsa-mir-544a,hsa-mir-655,hsa-mir-487a,hsa-mir-382,hsa-mir-134,hsa-mir-668,hsa-mir-485,hsa-mir-323b,hsa-mir-154,hsa-mir-496,hsa-mir-377,hsa-mir-541,hsa-mir-409,hsa-mir-412,hsa-mir-369,hsa-mir-410"
"dummy","","","false","mir-323b-3p/mir-149-5p","dummy",NA,NA,NA
"mirna","","mir-125b-5p","false","mir-125b-5p","Down",0.203585997776377,"miR-125-5p","hsa-mir-125b-1"
"dummy","","","false","mir-125b-5p/mir-324-3p","dummy",NA,NA,NA
"dummy","","","false","mir-106a-5p/mir-940","dummy",NA,NA,NA
"mirna","","mir-185-3p","false","mir-185-3p","Up",0.150633064694301,"miR-185-3p","hsa-mir-185"
"dummy","","","false","mir-185-3p/mir-9-5p","dummy",NA,NA,NA
"dummy","","","false","mir-19a-3p/mir-9-5p","dummy",NA,NA,NA
"mirna","","mir-651-5p","false","mir-651-5p","Up",0.467658966357688,"miR-651-5p","hsa-mir-651"
"dummy","","","false","mir-651-5p/mir-130b-5p","dummy",NA,NA,NA
"dummy","","","false","mir-651-5p/mir-629-3p","dummy",NA,NA,NA
"mirna","","mir-3928-3p","false","mir-3928-3p","Up",0.0733351693198325,"miR-3928-3p","hsa-mir-3928"
"dummy","","","false","mir-3928-3p/mir-651-5p","dummy",NA,NA,NA
"dummy","","","false","let-7c-5p/mir-146a-5p","dummy",NA,NA,NA
"mirna","","mir-146a-5p","false","mir-146a-5p","Up",0.247169742480144,"miR-146-5p","hsa-mir-146a"
"dummy","","","false","mir-146a-5p/mir-125b-2-3p","dummy",NA,NA,NA
"mirna","","mir-3170","false","mir-3170","Down",0.950614276599816,"miR-3170/6855-5p","hsa-mir-3170"
"dummy","","","false","mir-3170/mir-10a-5p","dummy",NA,NA,NA
"mirna","","mir-23a-5p","false","mir-23a-5p","Up",0.157908300626074,"miR-23-5p","hsa-mir-24-2,hsa-mir-27a,hsa-mir-23a"
"dummy","","","false","mir-23a-5p/mir-550a-5p","dummy",NA,NA,NA
"mirna","","mir-7-1-3p","false","mir-7-1-3p","Up",0.965182642290544,"miR-7-3p","hsa-mir-7-1"
"mirna","","mir-148a-3p","false","mir-148a-3p","Down",0.00863381843168056,"miR-148-3p/152-3p","hsa-mir-148a"
"mirna","","mir-31-5p","false","mir-31-5p","Up",0.670338844687304,"miR-31-5p","hsa-mir-31"
"mirna","","mir-133a-3p","false","mir-133a-3p","Down",4.69397774247589e-06,NA,"hsa-mir-133a-1,hsa-mir-1-2"
"mirna","","mir-421","false","mir-421","Up",0.0217342642495747,"miR-421","hsa-mir-421,hsa-mir-374b,hsa-mir-374c"
"mirna","","mir-502-5p","false","mir-502-5p","Down",0.548989794630381,"miR-502-5p","hsa-mir-500a,hsa-mir-362,hsa-mir-501,hsa-mir-500b,hsa-mir-660,hsa-mir-502"
"mirna","","mir-138-5p","false","mir-138-5p","Down",0.292443423235517,"miR-138-5p","hsa-mir-138-2"
"mirna","","mir-29b-1-5p","false","mir-29b-1-5p","Up",0.624807128775781,"miR-29b-1-5p","hsa-mir-29a,hsa-mir-29b-1"
"mirna","","mir-130a-5p","false","mir-130a-5p","Up",0.0228033980384699,"miR-23-3p","hsa-mir-130a"
"mirna","","mir-615-3p","false","mir-615-3p","Up",0.0003010240337359,"miR-615-3p","hsa-mir-615"
"mirna","","mir-139-3p","false","mir-139-3p","Down",0.0155953923555376,"miR-139-3p","hsa-mir-139"
"mirna","","mir-9-3p","false","mir-9-3p","Up",0.480845607319137,"miR-9-3p","hsa-mir-9-1"
"mirna","","mir-205-5p","false","mir-205-5p","Up",0.0347079141968055,"miR-205-5p","hsa-mir-205"
"mirna","","mir-148a-5p","false","mir-148a-5p","Down",0.0352341367876246,"miR-148a-5p","hsa-mir-148a"
"mirna","","mir-9-5p","false","mir-9-5p","Down",0.544524056811469,"miR-9-5p","hsa-mir-9-1"
"mirna","","mir-326","false","mir-326","Down",0.208876792657046,"miR-326","hsa-mir-326"
"mirna","","mir-1301-3p","false","mir-1301-3p","Up",0.0608525796638987,"miR-1301-3p","hsa-mir-1301"
"mirna","","mir-3065-5p","false","mir-3065-5p","Down",0.545810348001736,"miR-3065-5p","hsa-mir-657,hsa-mir-3065,hsa-mir-338,hsa-mir-1250"
"mirna","","mir-508-3p","false","mir-508-3p","Up",0.279947331016009,"miR-508-3p","hsa-mir-506,hsa-mir-507,hsa-mir-508"
"mirna","","mir-34b-3p","false","mir-34b-3p","Up",0.0269048142254407,"miR-34b-3p","hsa-mir-34b,hsa-mir-34c"
"mirna","","mir-150-5p","false","mir-150-5p","Down",0.307981527922581,"miR-150-5p","hsa-mir-150"
"mirna","","mir-616-5p","false","mir-616-5p","Up",0.495030539879393,"miR-371b-5p/373-5p/616-5p","hsa-mir-616"
"mirna","","mir-935","false","mir-935","Up",0.0638634190575096,"miR-935","hsa-mir-935"
"mirna","","mir-500a-5p","false","mir-500a-5p","Down",0.454630002538498,"miR-500a-5p","hsa-mir-532,hsa-mir-188,hsa-mir-500a,hsa-mir-362,hsa-mir-501,hsa-mir-500b,hsa-mir-660,hsa-mir-502"
"mirna","","mir-194-5p","false","mir-194-5p","Down",0.0700681680083162,"miR-194-5p","hsa-mir-215,hsa-mir-194-1"
"mirna","","mir-485-3p","false","mir-485-3p","Up",0.659076555043466,"miR-539-3p","hsa-mir-381,hsa-mir-487b,hsa-mir-539,hsa-mir-889,hsa-mir-544a,hsa-mir-655,hsa-mir-487a,hsa-mir-382,hsa-mir-134,hsa-mir-668,hsa-mir-485,hsa-mir-323b,hsa-mir-154,hsa-mir-496,hsa-mir-377,hsa-mir-541,hsa-mir-409"
"mirna","","mir-431-3p","false","mir-431-3p","Down",0.658712465873174,"miR-431-3p","hsa-mir-337,hsa-mir-665,hsa-mir-431,hsa-mir-433,hsa-mir-127,hsa-mir-432,hsa-mir-136"
"mirna","","mir-653-5p","false","mir-653-5p","Up",0.567416402823733,"miR-653-5p","hsa-mir-653,hsa-mir-489"
"mirna","","mir-501-5p","false","mir-501-5p","Up",0.993379739040265,"miR-501-5p","hsa-mir-532,hsa-mir-188,hsa-mir-500a,hsa-mir-362,hsa-mir-501,hsa-mir-500b,hsa-mir-660,hsa-mir-502"
"mirna","","mir-548v","false","mir-548v","Down",0.326606965480037,"miR-548v","hsa-mir-548v"
"mirna","","mir-192-3p","false","mir-192-3p","Down",0.240938191589508,"miR-192-3p","hsa-mir-192,hsa-mir-194-2"
"mirna","","mir-33b-5p","false","mir-33b-5p","Up",0.125048925821804,"miR-33-5p","hsa-mir-33b"
"mirna","","mir-30c-2-3p","false","mir-30c-2-3p","Down",0.0269232519633606,"miR-30c-3p/6788-5p","hsa-mir-30c-2"
"mirna","","mir-377-5p","false","mir-377-5p","Up",0.716055622738124,"miR-377-5p/6086","hsa-mir-487a,hsa-mir-382,hsa-mir-134,hsa-mir-668,hsa-mir-485,hsa-mir-323b,hsa-mir-154,hsa-mir-496,hsa-mir-377,hsa-mir-541,hsa-mir-409,hsa-mir-412,hsa-mir-369,hsa-mir-410,hsa-mir-656"
"mirna","","mir-4326","false","mir-4326","Up",0.104073265219801,"miR-4326","hsa-mir-4326"
"mirna","","mir-144-3p","false","mir-144-3p","Down",0.856717490764822,"miR-144-3p","hsa-mir-451a,hsa-mir-451b,hsa-mir-144,hsa-mir-4732"
"mirna","","mir-149-5p","false","mir-149-5p","Up",0.406442501654684,"miR-149-5p","hsa-mir-149"
"mirna","","mir-10a-5p","false","mir-10a-5p","Down",0.0934026495672771,"miR-10-5p","hsa-mir-10a"
"mirna","","mir-550a-5p","false","mir-550a-5p","Up",0.016218888672714,"miR-550a-3-5p/550a-5p/1271-3p","hsa-mir-550a-1,hsa-mir-550b-1"
"mrna","false","JAG1","false","JAG1","Up",NA,NA,NA
"mrna","false","ANXA2","false","ANXA2","Up",NA,NA,NA
"mrna","false","CCND1","false","CCND1","Up",NA,NA,NA
"mrna","false","BMPR2","false","BMPR2","Down",NA,NA,NA
"mrna","false","DST","false","DST","Down",NA,NA,NA
"mrna","false","ZFP36L2","false","ZFP36L2","Down",NA,NA,NA
"mrna","false","CACNA1B","false","CACNA1B","Up",NA,NA,NA
"mrna","false","CCND2","false","CCND2","Down",NA,NA,NA
"mrna","false","CFL2","false","CFL2","Down",NA,NA,NA
"mrna","false","CKB","false","CKB","Down",NA,NA,NA
"mrna","false","COL1A1","false","COL1A1","Up",NA,NA,NA
"mrna","false","COL3A1","false","COL3A1","Up",NA,NA,NA
"mrna","false","HAPLN1","false","HAPLN1","Up",NA,NA,NA
"mrna","false","CSNK1A1","false","CSNK1A1","Down",NA,NA,NA
"mrna","false","VCAN","false","VCAN","Up",NA,NA,NA
"mrna","false","DAB2","false","DAB2","Up",NA,NA,NA
"mrna","false","DHCR24","false","DHCR24","Down",NA,NA,NA
"mrna","false","EEF2","false","EEF2","Down",NA,NA,NA
"mrna","true","EN2","false","EN2","Up",NA,NA,NA
"mrna","false","EPHA4","false","EPHA4","Up",NA,NA,NA
"mrna","false","EPHA7","false","EPHA7","Down",NA,NA,NA
"mrna","false","FGF2","false","FGF2","Down",NA,NA,NA
"mrna","false","FKBP5","false","FKBP5","Down",NA,NA,NA
"mrna","true","FOXO1","false","FOXO1","Down",NA,NA,NA
"mrna","false","GOLGA4","false","GOLGA4","Down",NA,NA,NA
"mrna","false","GOLGB1","false","GOLGB1","Down",NA,NA,NA
"mrna","false","MKNK2","false","MKNK2","Down",NA,NA,NA
"mrna","true","HOXA9","false","HOXA9","Up",NA,NA,NA
"mrna","false","ID4","false","ID4","Down",NA,NA,NA
"mrna","false","IDS","false","IDS","Up",NA,NA,NA
"mrna","false","IGF2","false","IGF2","Up",NA,NA,NA
"mrna","false","IL1R1","false","IL1R1","Down",NA,NA,NA
"mrna","false","IL6R","false","IL6R","Down",NA,NA,NA
"mrna","false","ITPR1","false","ITPR1","Down",NA,NA,NA
"mrna","false","KCNMB1","false","KCNMB1","Down",NA,NA,NA
"mrna","false","LPP","false","LPP","Down",NA,NA,NA
"mrna","false","LYN","false","LYN","Up",NA,NA,NA
"mrna","false","TM4SF1","false","TM4SF1","Up",NA,NA,NA
"mrna","true","MXD1","false","MXD1","Up",NA,NA,NA
"mrna","false","MAN2A1","false","MAN2A1","Down",NA,NA,NA
"mrna","false","MAP1B","false","MAP1B","Down",NA,NA,NA
"mrna","false","MAP3K9","false","MAP3K9","Down",NA,NA,NA
"mrna","true","MYC","false","MYC","Up",NA,NA,NA
"mrna","false","PPP1R12B","false","PPP1R12B","Down",NA,NA,NA
"mrna","true","NFIA","false","NFIA","Down",NA,NA,NA
"mrna","false","NOTCH2","false","NOTCH2","Down",NA,NA,NA
"mrna","true","NPAS2","false","NPAS2","Down",NA,NA,NA
"mrna","false","NPTX1","false","NPTX1","Down",NA,NA,NA
"mrna","false","PCDH9","false","PCDH9","Down",NA,NA,NA
"mrna","false","ABCB1","false","ABCB1","Down",NA,NA,NA
"mrna","false","PIM1","false","PIM1","Up",NA,NA,NA
"mrna","false","PSAP","false","PSAP","Down",NA,NA,NA
"mrna","false","PTCH1","false","PTCH1","Down",NA,NA,NA
"mrna","false","PTPN14","false","PTPN14","Down",NA,NA,NA
"mrna","true","RORA","false","RORA","Down",NA,NA,NA
"mrna","true","RREB1","false","RREB1","Down",NA,NA,NA
"mrna","false","SLC7A2","false","SLC7A2","Down",NA,NA,NA
"mrna","false","SLC20A2","false","SLC20A2","Up",NA,NA,NA
"mrna","false","SOD2","false","SOD2","Up",NA,NA,NA
"mrna","true","SOX11","false","SOX11","Up",NA,NA,NA
"mrna","false","SPTBN1","false","SPTBN1","Down",NA,NA,NA
"mrna","true","ZEB1","false","ZEB1","Down",NA,NA,NA
"mrna","false","TGFBR1","false","TGFBR1","Up",NA,NA,NA
"mrna","false","TGFBR3","false","TGFBR3","Down",NA,NA,NA
"mrna","false","THBS1","false","THBS1","Down",NA,NA,NA
"mrna","true","THRB","false","THRB","Down",NA,NA,NA
"mrna","false","TIMP2","false","TIMP2","Up",NA,NA,NA
"mrna","false","TPM4","false","TPM4","Up",NA,NA,NA
"mrna","false","TRIO","false","TRIO","Up",NA,NA,NA
"mrna","true","TRPS1","false","TRPS1","Up",NA,NA,NA
"mrna","false","UGCG","false","UGCG","Down",NA,NA,NA
"mrna","false","VEGFA","false","VEGFA","Up",NA,NA,NA
"mrna","false","BTG2","false","BTG2","Down",NA,NA,NA
"mrna","false","PXDN","false","PXDN","Up",NA,NA,NA
"mrna","true","HMGA2","false","HMGA2","Up",NA,NA,NA
"mrna","false","FZD6","false","FZD6","Up",NA,NA,NA
"mrna","false","H2AC6","false","H2AC6","Up",NA,NA,NA
"mrna","false","STK24","false","STK24","Up",NA,NA,NA
"mrna","false","DDX3Y","false","DDX3Y","Up",NA,NA,NA
"mrna","false","IRS2","false","IRS2","Down",NA,NA,NA
"mrna","false","SYT7","false","SYT7","Up",NA,NA,NA
"mrna","false","XPR1","false","XPR1","Up",NA,NA,NA
"mrna","false","NRXN3","false","NRXN3","Down",NA,NA,NA
"mrna","false","KCNK6","false","KCNK6","Up",NA,NA,NA
"mrna","false","QKI","false","QKI","Up",NA,NA,NA
"mrna","false","AATK","false","AATK","Down",NA,NA,NA
"mrna","false","GREB1","false","GREB1","Down",NA,NA,NA
"mrna","false","SERTAD2","false","SERTAD2","Up",NA,NA,NA
"mrna","true","ZEB2","false","ZEB2","Down",NA,NA,NA
"mrna","false","CEP170","false","CEP170","Up",NA,NA,NA
"mrna","false","SCAMP2","false","SCAMP2","Down",NA,NA,NA
"mrna","false","TOB1","false","TOB1","Down",NA,NA,NA
"mrna","false","MBNL2","false","MBNL2","Down",NA,NA,NA
"mrna","false","ABI2","false","ABI2","Up",NA,NA,NA
"mrna","false","LHFPL2","false","LHFPL2","Up",NA,NA,NA
"mrna","false","CORO2B","false","CORO2B","Down",NA,NA,NA
"mrna","false","DLC1","false","DLC1","Down",NA,NA,NA
"mrna","false","TXNIP","false","TXNIP","Down",NA,NA,NA
"mrna","false","ADAMTS5","false","ADAMTS5","Down",NA,NA,NA
"mrna","false","RASSF8","false","RASSF8","Down",NA,NA,NA
"mrna","true","KLF12","false","KLF12","Down",NA,NA,NA
"mrna","true","IKZF2","false","IKZF2","Down",NA,NA,NA
"mrna","false","FNDC3A","false","FNDC3A","Down",NA,NA,NA
"mrna","false","CARD8","false","CARD8","Down",NA,NA,NA
"mrna","false","BTBD3","false","BTBD3","Down",NA,NA,NA
"mrna","false","MAPRE3","false","MAPRE3","Down",NA,NA,NA
"mrna","false","ELL2","false","ELL2","Down",NA,NA,NA
"mrna","false","PCNX1","false","PCNX1","Down",NA,NA,NA
"mrna","false","PEG10","false","PEG10","Up",NA,NA,NA
"mrna","false","RGL1","false","RGL1","Up",NA,NA,NA
"mrna","false","TTC28","false","TTC28","Down",NA,NA,NA
"mrna","false","SYNM","false","SYNM","Down",NA,NA,NA
"mrna","false","SLC44A1","false","SLC44A1","Up",NA,NA,NA
"mrna","false","SLC7A11","false","SLC7A11","Up",NA,NA,NA
"mrna","false","SH3BP4","false","SH3BP4","Down",NA,NA,NA
"mrna","false","GABARAPL1","false","GABARAPL1","Down",NA,NA,NA
"mrna","false","TMEM245","false","TMEM245","Down",NA,NA,NA
"mrna","false","KANK2","false","KANK2","Down",NA,NA,NA
"mrna","false","NBEA","false","NBEA","Down",NA,NA,NA
"mrna","false","CYFIP2","false","CYFIP2","Down",NA,NA,NA
"mrna","false","KCNMB4","false","KCNMB4","Up",NA,NA,NA
"mrna","false","MYLIP","false","MYLIP","Down",NA,NA,NA
"mrna","false","TMOD2","false","TMOD2","Down",NA,NA,NA
"mrna","false","REPIN1","false","REPIN1","Down",NA,NA,NA
"mrna","true","ZBTB7B","false","ZBTB7B","Down",NA,NA,NA
"mrna","false","RAPGEFL1","false","RAPGEFL1","Up",NA,NA,NA
"mrna","false","NIN","false","NIN","Down",NA,NA,NA
"mrna","false","CHIC1","false","CHIC1","Down",NA,NA,NA
"mrna","false","DNAJA4","false","DNAJA4","Up",NA,NA,NA
"mrna","false","SYBU","false","SYBU","Down",NA,NA,NA
"mrna","true","BBX","false","BBX","Down",NA,NA,NA
"mrna","false","ANKRD50","false","ANKRD50","Down",NA,NA,NA
"mrna","true","ZNF512B","false","ZNF512B","Down",NA,NA,NA
"mrna","false","HEG1","false","HEG1","Up",NA,NA,NA
"mrna","false","TAOK1","false","TAOK1","Up",NA,NA,NA
"mrna","false","SIPA1L2","false","SIPA1L2","Up",NA,NA,NA
"mrna","false","PCDH10","false","PCDH10","Down",NA,NA,NA
"mrna","true","TSHZ3","false","TSHZ3","Up",NA,NA,NA
"mrna","false","TNRC6C","false","TNRC6C","Down",NA,NA,NA
"mrna","false","SLC7A14","false","SLC7A14","Down",NA,NA,NA
"mrna","false","WNK1","false","WNK1","Down",NA,NA,NA
"mrna","true","ZNF655","false","ZNF655","Down",NA,NA,NA
"mrna","false","OGFRL1","false","OGFRL1","Down",NA,NA,NA
"mrna","false","PANK3","false","PANK3","Up",NA,NA,NA
"mrna","true","ZNF665","false","ZNF665","Down",NA,NA,NA
"mrna","false","MAP9","false","MAP9","Down",NA,NA,NA
"mrna","false","CHD9","false","CHD9","Down",NA,NA,NA
"mrna","false","CLPTM1L","false","CLPTM1L","Up",NA,NA,NA
"mrna","false","SLC38A1","false","SLC38A1","Up",NA,NA,NA
"mrna","false","PITPNM3","false","PITPNM3","Down",NA,NA,NA
"mrna","false","RASSF5","false","RASSF5","Down",NA,NA,NA
"mrna","false","KATNAL1","false","KATNAL1","Up",NA,NA,NA
"mrna","false","FAXC","false","FAXC","Down",NA,NA,NA
"mrna","true","ZBTB37","false","ZBTB37","Down",NA,NA,NA
"mrna","true","ZIC5","false","ZIC5","Up",NA,NA,NA
"mrna","false","ZC3H12C","false","ZC3H12C","Down",NA,NA,NA
"mrna","false","SCARF2","false","SCARF2","Up",NA,NA,NA
"mrna","false","FAM114A1","false","FAM114A1","Down",NA,NA,NA
"mrna","false","ARHGAP18","false","ARHGAP18","Down",NA,NA,NA
"mrna","false","TP53INP1","false","TP53INP1","Down",NA,NA,NA
"mrna","false","XKR4","false","XKR4","Down",NA,NA,NA
"mrna","false","FGD4","false","FGD4","Down",NA,NA,NA
"mrna","false","FAM210A","false","FAM210A","Up",NA,NA,NA
"mrna","false","SNTN","false","SNTN","Down",NA,NA,NA
"mrna","false","SESN3","false","SESN3","Up",NA,NA,NA
"mrna","true","ZNF583","false","ZNF583","Down",NA,NA,NA
"mrna","false","BTLA","false","BTLA","Down",NA,NA,NA
"mrna","false","CREBRF","false","CREBRF","Down",NA,NA,NA
"mrna","false","RNF217","false","RNF217","Down",NA,NA,NA
"mrna","false","TTC39B","false","TTC39B","Down",NA,NA,NA
"mrna","false","TMTC3","false","TMTC3","Up",NA,NA,NA
"mrna","false","TMEM64","false","TMEM64","Down",NA,NA,NA
"mrna","false","S100Z","false","S100Z","Up",NA,NA,NA
"mrna","false","TMEM154","false","TMEM154","Up",NA,NA,NA
"mrna","false","C6orf89","false","C6orf89","Down",NA,NA,NA
"mrna","false","ZBTB9","false","ZBTB9","Up",NA,NA,NA
"mrna","false","RBM20","false","RBM20","Down",NA,NA,NA
"mrna","false","ZNF850","false","ZNF850","Down",NA,NA,NA
"mrna","false","FAM71F2","false","FAM71F2","Down",NA,NA,NA
"mrna","true","ONECUT3","false","ONECUT3","Down",NA,NA,NA
"mrna","false","FAM102A","false","FAM102A","Down",NA,NA,NA
"mrna","false","LCN10","false","LCN10","Down",NA,NA,NA
"mrna","false","PALM2AKAP2","false","PALM2AKAP2","Up",NA,NA,NA
"mrna","false","GPX8","false","GPX8","Up",NA,NA,NA
"mrna","false","TMPPE","false","TMPPE","Down",NA,NA,NA
"mrna","false","ANKRD33B","false","ANKRD33B","Down",NA,NA,NA
"mrna","true","ZBTB8B","false","ZBTB8B","Down",NA,NA,NA
