"coloring","info","is_mrna_tf","name","selected","shared.name","miRfamily","mirnaCluster"
"mirna","mirna","","let-7c-5p","false","let-7c-5p","let-7-5p/98-5p","hsa-mir-99a,hsa-let-7c"
"dummy","dummy","","","false","let-7c-5p/mir-96-5p",NA,NA
"mirna","mirna","","mir-320c","false","mir-320c","miR-320","hsa-mir-320c-1"
"dummy","dummy","","","false","mir-320c/mir-1-3p",NA,NA
"mirna","mirna","","mir-335-5p","false","mir-335-5p","miR-335-5p","hsa-mir-335"
"dummy","dummy","","","false","mir-335-5p/mir-3150b-3p",NA,NA
"mirna","mirna","","mir-2116-3p","false","mir-2116-3p","miR-2116-3p","hsa-mir-2116"
"dummy","dummy","","","false","mir-2116-3p/mir-629-3p",NA,NA
"mirna","mirna","","mir-30a-3p","false","mir-30a-3p","miR-30-3p","hsa-mir-30a"
"dummy","dummy","","","false","mir-30a-3p/mir-129-5p",NA,NA
"mirna","mirna","","mir-106a-5p","false","mir-106a-5p","miR-17-5p/20-5p/93-5p/106-5p/519-3p","hsa-mir-363,hsa-mir-92a-2,hsa-mir-19b-2,hsa-mir-20b,hsa-mir-18b,hsa-mir-106a"
"dummy","dummy","","","false","mir-106a-5p/mir-495-3p",NA,NA
"mirna","mirna","","mir-424-5p","false","mir-424-5p","miR-15-5p/16-5p/195-5p/424-5p/497-5p","hsa-mir-450b,hsa-mir-450a-1,hsa-mir-450a-2,hsa-mir-542,hsa-mir-503,hsa-mir-424"
"dummy","dummy","","","false","mir-424-5p/mir-32-5p",NA,NA
"mirna","mirna","","let-7b-5p","false","let-7b-5p","let-7-5p/98-5p","hsa-let-7a-3,hsa-mir-4763,hsa-let-7b"
"dummy","dummy","","","false","let-7b-5p/mir-145-5p",NA,NA
"mirna","mirna","","mir-582-5p","false","mir-582-5p","miR-582-5p","hsa-mir-582"
"dummy","dummy","","","false","mir-582-5p/mir-143-3p",NA,NA
"mirna","mirna","","mir-129-2-3p","false","mir-129-2-3p","miR-129-3p","hsa-mir-129-2"
"dummy","dummy","","","false","mir-129-2-3p/let-7b-5p",NA,NA
"mirna","mirna","","mir-582-3p","false","mir-582-3p","miR-582-3p","hsa-mir-582"
"dummy","dummy","","","false","mir-582-3p/mir-143-3p",NA,NA
"mirna","mirna","","mir-145-5p","false","mir-145-5p","miR-145-5p","hsa-mir-143,hsa-mir-145"
"dummy","dummy","","","false","mir-145-5p/mir-582-5p",NA,NA
"dummy","dummy","","","false","mir-424-5p/mir-106a-5p",NA,NA
"mirna","mirna","","mir-101-3p","false","mir-101-3p",NA,"hsa-mir-3671,hsa-mir-101-1"
"dummy","dummy","","","false","mir-101-3p/mir-424-5p",NA,NA
"mirna","mirna","","mir-548e-3p","false","mir-548e-3p","miR-548az-3p/548ar-3p/548a-3p/548e-3p/548f-3p","hsa-mir-548e"
"dummy","dummy","","","false","mir-548e-3p/mir-1304-5p",NA,NA
"dummy","dummy","","","false","mir-101-3p/mir-106a-5p",NA,NA
"mirna","mirna","","mir-194-5p","false","mir-194-5p","miR-194-5p","hsa-mir-215,hsa-mir-194-1"
"dummy","dummy","","","false","mir-194-5p/mir-125b-5p",NA,NA
"dummy","dummy","","","false","mir-424-5p/mir-20a-5p",NA,NA
"mirna","mirna","","mir-10b-3p","false","mir-10b-3p","miR-10b-3p","hsa-mir-10b"
"dummy","dummy","","","false","mir-10b-3p/mir-511-5p",NA,NA
"mirna","mirna","","mir-142-3p","false","mir-142-3p",NA,"hsa-mir-142,hsa-mir-4736"
"dummy","dummy","","","false","mir-142-3p/mir-21-5p",NA,NA
"mirna","mirna","","mir-20a-5p","false","mir-20a-5p","miR-17-5p/20-5p/93-5p/106-5p/519-3p","hsa-mir-17,hsa-mir-18a,hsa-mir-19a,hsa-mir-20a,hsa-mir-19b-1,hsa-mir-92a-1"
"dummy","dummy","","","false","mir-20a-5p/mir-10a-5p",NA,NA
"dummy","dummy","","","false","let-7b-5p/mir-10b-5p",NA,NA
"mirna","mirna","","mir-10a-5p","false","mir-10a-5p","miR-10-5p","hsa-mir-10a"
"dummy","dummy","","","false","mir-10a-5p/mir-190a-5p",NA,NA
"dummy","dummy","","","false","let-7b-5p/let-7c-5p",NA,NA
"mirna","mirna","","mir-30e-5p","false","mir-30e-5p","miR-30-5p","hsa-mir-30e,hsa-mir-30c-1"
"dummy","dummy","","","false","mir-30e-5p/mir-21-5p",NA,NA
"mirna","mirna","","mir-335-3p","false","mir-335-3p","miR-335-3p","hsa-mir-335"
"dummy","dummy","","","false","mir-335-3p/mir-129-5p",NA,NA
"dummy","dummy","","","false","mir-10a-5p/mir-497-5p",NA,NA
"mirna","mirna","","mir-155-5p","false","mir-155-5p","miR-155-5p","hsa-mir-155"
"dummy","dummy","","","false","mir-155-5p/mir-642a-5p",NA,NA
"dummy","dummy","","","false","mir-30a-3p/mir-328-3p",NA,NA
"mirna","mirna","","mir-221-5p","false","mir-221-5p","miR-221-5p/8073","hsa-mir-221,hsa-mir-222"
"dummy","dummy","","","false","mir-221-5p/mir-140-5p",NA,NA
"dummy","dummy","","","false","mir-221-5p/mir-1270",NA,NA
"mirna","mirna","","mir-20b-5p","false","mir-20b-5p","miR-17-5p/20-5p/93-5p/106-5p/519-3p","hsa-mir-363,hsa-mir-92a-2,hsa-mir-19b-2,hsa-mir-20b,hsa-mir-18b,hsa-mir-106a"
"dummy","dummy","","","false","mir-20b-5p/mir-1304-5p",NA,NA
"mirna","mirna","","mir-149-5p","false","mir-149-5p","miR-149-5p","hsa-mir-149"
"dummy","dummy","","","false","mir-149-5p/mir-2355-5p",NA,NA
"dummy","dummy","","","false","mir-10a-5p/mir-188-3p",NA,NA
"mirna","mirna","","mir-636","false","mir-636","miR-636","hsa-mir-636"
"dummy","dummy","","","false","mir-636/mir-9-3p",NA,NA
"mirna","mirna","","mir-192-5p","false","mir-192-5p","miR-192-5p/215-5p","hsa-mir-192,hsa-mir-194-2"
"dummy","dummy","","","false","mir-192-5p/mir-19b-3p",NA,NA
"mirna","mirna","","mir-34b-3p","false","mir-34b-3p","miR-34b-3p","hsa-mir-34b,hsa-mir-34c"
"dummy","dummy","","","false","mir-34b-3p/mir-508-5p",NA,NA
"dummy","dummy","","","false","mir-320c/mir-194-5p",NA,NA
"dummy","dummy","","","false","mir-20a-5p/mir-106a-5p",NA,NA
"mirna","mirna","","mir-181c-5p","false","mir-181c-5p","miR-181-5p","hsa-mir-181c,hsa-mir-181d"
"dummy","dummy","","","false","mir-181c-5p/mir-106a-5p",NA,NA
"mirna","mirna","","mir-33a-5p","false","mir-33a-5p","miR-33-5p","hsa-mir-33a"
"dummy","dummy","","","false","mir-33a-5p/mir-19a-3p",NA,NA
"dummy","dummy","","","false","mir-34b-3p/mir-222-5p",NA,NA
"mirna","mirna","","mir-221-3p","false","mir-221-3p","miR-221-3p/222-3p","hsa-mir-221,hsa-mir-222"
"dummy","dummy","","","false","mir-221-3p/mir-636",NA,NA
"dummy","dummy","","","false","mir-20b-5p/mir-590-3p",NA,NA
"mirna","mirna","","mir-15a-5p","false","mir-15a-5p","miR-15-5p/16-5p/195-5p/424-5p/497-5p","hsa-mir-16-1,hsa-mir-15a"
"dummy","dummy","","","false","mir-15a-5p/mir-424-5p",NA,NA
"mirna","mirna","","mir-301a-3p","false","mir-301a-3p","miR-130-3p/301-3p/454-3p","hsa-mir-301a"
"dummy","dummy","","","false","mir-301a-3p/mir-20a-5p",NA,NA
"dummy","dummy","","","false","mir-15a-5p/mir-301a-3p",NA,NA
"dummy","dummy","","","false","mir-145-5p/mir-196b-5p",NA,NA
"mirna","mirna","","mir-939-5p","false","mir-939-5p","miR-939-5p/1343-5p","hsa-mir-939,hsa-mir-1234"
"dummy","dummy","","","false","mir-939-5p/mir-497-5p",NA,NA
"mirna","mirna","","mir-421","false","mir-421","miR-421","hsa-mir-421,hsa-mir-374b,hsa-mir-374c"
"dummy","dummy","","","false","mir-421/mir-129-5p",NA,NA
"mirna","mirna","","mir-1270","false","mir-1270","miR-1270",NA
"dummy","dummy","","","false","mir-1270/mir-219a-1-3p",NA,NA
"mirna","mirna","","mir-19a-3p","false","mir-19a-3p","miR-19-3p","hsa-mir-17,hsa-mir-18a,hsa-mir-19a,hsa-mir-20a,hsa-mir-19b-1,hsa-mir-92a-1"
"dummy","dummy","","","false","mir-19a-3p/mir-15a-5p",NA,NA
"dummy","dummy","","","false","mir-421/mir-3680-3p",NA,NA
"mirna","mirna","","mir-19b-3p","false","mir-19b-3p","miR-19-3p","hsa-mir-17,hsa-mir-18a,hsa-mir-19a,hsa-mir-20a,hsa-mir-19b-1,hsa-mir-92a-1"
"dummy","dummy","","","false","mir-19b-3p/mir-181b-5p",NA,NA
"mirna","mirna","","mir-497-5p","false","mir-497-5p","miR-15-5p/16-5p/195-5p/424-5p/497-5p","hsa-mir-195,hsa-mir-497"
"dummy","dummy","","","false","mir-497-5p/mir-195-5p",NA,NA
"mirna","mirna","","mir-486-5p","false","mir-486-5p","miR-486-5p",NA
"dummy","dummy","","","false","mir-486-5p/mir-195-5p",NA,NA
"dummy","dummy","","","false","mir-106a-5p/mir-142-3p",NA,NA
"dummy","dummy","","","false","mir-30a-3p/mir-30a-5p",NA,NA
"mirna","mirna","","mir-133a-3p","false","mir-133a-3p",NA,"hsa-mir-133a-1,hsa-mir-1-2"
"dummy","dummy","","","false","mir-133a-3p/mir-20a-3p",NA,NA
"mirna","mirna","","mir-142-5p","false","mir-142-5p","miR-142-5p","hsa-mir-142,hsa-mir-4736"
"dummy","dummy","","","false","mir-142-5p/mir-188-3p",NA,NA
"mirna","mirna","","mir-590-3p","false","mir-590-3p","miR-590-3p","hsa-mir-590"
"dummy","dummy","","","false","mir-590-3p/mir-21-5p",NA,NA
"dummy","dummy","","","false","mir-20b-5p/mir-30e-5p",NA,NA
"dummy","dummy","","","false","mir-939-5p/mir-143-3p",NA,NA
"dummy","dummy","","","false","let-7b-5p/mir-203a-3p",NA,NA
"dummy","dummy","","","false","mir-19b-3p/mir-590-3p",NA,NA
"mirna","mirna","","mir-22-5p","false","mir-22-5p","miR-22-5p","hsa-mir-22"
"dummy","dummy","","","false","mir-22-5p/mir-10b-3p",NA,NA
"dummy","dummy","","","false","mir-424-5p/mir-140-5p",NA,NA
"dummy","dummy","","","false","mir-19b-3p/mir-30a-3p",NA,NA
"dummy","dummy","","","false","mir-19b-3p/mir-222-5p",NA,NA
"dummy","dummy","","","false","mir-30a-3p/mir-29c-3p",NA,NA
"mirna","mirna","","mir-145-3p","false","mir-145-3p","miR-145-3p","hsa-mir-143,hsa-mir-145"
"dummy","dummy","","","false","mir-145-3p/mir-424-5p",NA,NA
"dummy","dummy","","","false","mir-30a-3p/mir-548e-3p",NA,NA
"mirna","mirna","","mir-197-3p","false","mir-197-3p","miR-197-3p","hsa-mir-197"
"dummy","dummy","","","false","mir-197-3p/mir-506-3p",NA,NA
"dummy","dummy","","","false","mir-22-5p/mir-34a-3p",NA,NA
"mirna","mirna","","mir-21-5p","false","mir-21-5p","miR-21-5p/590-5p","hsa-mir-21"
"dummy","dummy","","","false","mir-21-5p/mir-34a-3p",NA,NA
"mirna","mirna","","mir-130a-5p","false","mir-130a-5p","miR-23-3p","hsa-mir-130a"
"dummy","dummy","","","false","mir-130a-5p/mir-29c-3p",NA,NA
"mirna","mirna","","mir-760","false","mir-760","miR-760","hsa-mir-760"
"dummy","dummy","","","false","mir-760/mir-511-5p",NA,NA
"dummy","dummy","","","false","mir-582-5p/let-7b-5p",NA,NA
"mirna","mirna","","mir-491-5p","false","mir-491-5p","miR-491-5p","hsa-mir-491"
"dummy","dummy","","","false","mir-491-5p/mir-125b-2-3p",NA,NA
"dummy","dummy","","","false","mir-491-5p/mir-219a-1-3p",NA,NA
"mirna","mirna","","mir-181b-5p","false","mir-181b-5p","miR-181-5p","hsa-mir-181b-1,hsa-mir-181a-1"
"dummy","dummy","","","false","mir-181b-5p/mir-135b-5p",NA,NA
"dummy","dummy","","","false","mir-145-5p/mir-432-5p",NA,NA
"mirna","mirna","","mir-326","false","mir-326","miR-326","hsa-mir-326"
"dummy","dummy","","","false","mir-326/mir-330-5p",NA,NA
"mirna","mirna","","mir-29c-3p","false","mir-29c-3p","miR-29-3p","hsa-mir-29c,hsa-mir-29b-2"
"dummy","dummy","","","false","mir-29c-3p/mir-181c-5p",NA,NA
"dummy","dummy","","","false","mir-424-5p/mir-374a-5p",NA,NA
"mirna","mirna","","mir-3065-3p","false","mir-3065-3p","miR-3065-3p","hsa-mir-657,hsa-mir-3065,hsa-mir-338,hsa-mir-1250"
"dummy","dummy","","","false","mir-3065-3p/mir-424-5p",NA,NA
"mirna","mirna","","mir-508-5p","false","mir-508-5p","miR-508-5p","hsa-mir-506,hsa-mir-507,hsa-mir-508"
"dummy","dummy","","","false","mir-508-5p/mir-19a-3p",NA,NA
"mirna","mirna","","mir-30a-5p","false","mir-30a-5p","miR-30-5p","hsa-mir-30a"
"dummy","dummy","","","false","mir-30a-5p/mir-548b-3p",NA,NA
"dummy","dummy","","","false","mir-301a-3p/mir-140-5p",NA,NA
"dummy","dummy","","","false","mir-197-3p/mir-34b-3p",NA,NA
"mirna","mirna","","mir-143-3p","false","mir-143-3p","miR-143-3p","hsa-mir-143,hsa-mir-145"
"dummy","dummy","","","false","mir-143-3p/mir-542-3p",NA,NA
"mirna","mirna","","mir-188-3p","false","mir-188-3p","miR-188-3p","hsa-mir-532,hsa-mir-188,hsa-mir-500a,hsa-mir-362,hsa-mir-501,hsa-mir-500b,hsa-mir-660"
"dummy","dummy","","","false","mir-188-3p/mir-653-5p",NA,NA
"dummy","dummy","","","false","mir-197-3p/mir-335-5p",NA,NA
"mirna","mirna","","mir-212-3p","false","mir-212-3p","miR-132-3p/212-3p","hsa-mir-132,hsa-mir-212"
"dummy","dummy","","","false","mir-212-3p/mir-139-3p",NA,NA
"dummy","dummy","","","false","mir-221-5p/mir-513c-5p",NA,NA
"mirna","mirna","","mir-1229-3p","false","mir-1229-3p","miR-1229-3p","hsa-mir-1229"
"dummy","dummy","","","false","mir-1229-3p/mir-421",NA,NA
"dummy","dummy","","","false","mir-15a-5p/mir-126-5p",NA,NA
"mirna","mirna","","mir-150-5p","false","mir-150-5p","miR-150-5p","hsa-mir-150"
"dummy","dummy","","","false","mir-150-5p/mir-30a-3p",NA,NA
"mirna","mirna","","mir-378c","false","mir-378c","miR-378-3p","hsa-mir-378c"
"dummy","dummy","","","false","mir-378c/mir-140-5p",NA,NA
"dummy","dummy","","","false","mir-2116-3p/mir-187-3p",NA,NA
"mirna","mirna","","mir-320b","false","mir-320b","miR-320","hsa-mir-320b-1"
"dummy","dummy","","","false","mir-320b/mir-15a-5p",NA,NA
"mirna","mirna","","mir-378a-5p","false","mir-378a-5p","miR-378a-5p","hsa-mir-378a"
"dummy","dummy","","","false","mir-378a-5p/mir-211-5p",NA,NA
"mirna","mirna","","mir-125b-2-3p","false","mir-125b-2-3p","miR-125b-2-3p","hsa-mir-125b-2"
"dummy","dummy","","","false","mir-125b-2-3p/let-7c-5p",NA,NA
"mirna","mirna","","mir-503-5p","false","mir-503-5p","miR-503-5p","hsa-mir-450b,hsa-mir-450a-1,hsa-mir-450a-2,hsa-mir-542,hsa-mir-503,hsa-mir-424"
"dummy","dummy","","","false","mir-503-5p/mir-195-5p",NA,NA
"mirna","mirna","","mir-34c-5p","false","mir-34c-5p","miR-34-5p/449-5p","hsa-mir-34b,hsa-mir-34c"
"dummy","dummy","","","false","mir-34c-5p/mir-195-5p",NA,NA
"mirna","mirna","","mir-542-3p","false","mir-542-3p","miR-542-3p","hsa-mir-450b,hsa-mir-450a-1,hsa-mir-450a-2,hsa-mir-542,hsa-mir-503,hsa-mir-424"
"dummy","dummy","","","false","mir-542-3p/mir-34c-5p",NA,NA
"dummy","dummy","","","false","mir-497-5p/mir-335-5p",NA,NA
"mirna","mirna","","mir-211-5p","false","mir-211-5p","miR-204-5p/211-5p","hsa-mir-211"
"dummy","dummy","","","false","mir-211-5p/mir-130a-5p",NA,NA
"mirna","mirna","","mir-92b-3p","false","mir-92b-3p","miR-25-3p/32-5p/92-3p/363-3p/367-3p","hsa-mir-92b"
"dummy","dummy","","","false","mir-92b-3p/mir-363-3p",NA,NA
"dummy","dummy","","","false","mir-301a-3p/mir-125b-5p",NA,NA
"dummy","dummy","","","false","mir-10a-5p/let-7b-5p",NA,NA
"dummy","dummy","","","false","mir-335-3p/mir-181b-5p",NA,NA
"dummy","dummy","","","false","mir-378a-5p/mir-20b-5p",NA,NA
"dummy","dummy","","","false","mir-143-3p/mir-320b",NA,NA
"dummy","dummy","","","false","let-7b-5p/mir-3065-3p",NA,NA
"mirna","mirna","","mir-143-5p","false","mir-143-5p","miR-143-5p","hsa-mir-143,hsa-mir-145"
"dummy","dummy","","","false","mir-143-5p/mir-432-5p",NA,NA
"dummy","dummy","","","false","mir-143-3p/mir-143-5p",NA,NA
"dummy","dummy","","","false","mir-143-3p/let-7b-5p",NA,NA
"dummy","dummy","","","false","mir-335-5p/mir-383-5p",NA,NA
"mirna","mirna","","mir-550a-3p","false","mir-550a-3p","miR-200c-5p/550a-3p","hsa-mir-550a-1,hsa-mir-550b-1"
"dummy","dummy","","","false","mir-550a-3p/mir-382-5p",NA,NA
"dummy","dummy","","","false","mir-320c/mir-320b",NA,NA
"mirna","mirna","","mir-195-5p","false","mir-195-5p","miR-15-5p/16-5p/195-5p/424-5p/497-5p","hsa-mir-195,hsa-mir-497"
"dummy","dummy","","","false","mir-195-5p/mir-9-5p",NA,NA
"mirna","mirna","","mir-374a-5p","false","mir-374a-5p","miR-374-5p","hsa-mir-545,hsa-mir-374a"
"dummy","dummy","","","false","mir-374a-5p/mir-140-3p",NA,NA
"mirna","mirna","","mir-140-3p","false","mir-140-3p",NA,"hsa-mir-140"
"dummy","dummy","","","false","mir-140-3p/mir-335-5p",NA,NA
"dummy","dummy","","","false","mir-34c-5p/let-7b-5p",NA,NA
"mirna","mirna","","mir-34a-3p","false","mir-34a-3p","miR-34a-3p","hsa-mir-34a"
"dummy","dummy","","","false","mir-34a-3p/mir-221-3p",NA,NA
"mirna","mirna","","mir-365a-5p","false","mir-365a-5p","miR-365a-5p/365b-5p","hsa-mir-193b,hsa-mir-365a"
"dummy","dummy","","","false","mir-365a-5p/mir-421",NA,NA
"dummy","dummy","","","false","mir-129-2-3p/mir-10b-5p",NA,NA
"mirna","mirna","","mir-182-5p","false","mir-182-5p","miR-182-5p","hsa-mir-182,hsa-mir-96,hsa-mir-183"
"dummy","dummy","","","false","mir-182-5p/mir-15a-5p",NA,NA
"mirna","mirna","","mir-328-3p","false","mir-328-3p","miR-328-3p","hsa-mir-328"
"dummy","dummy","","","false","mir-328-3p/mir-30c-2-3p",NA,NA
"dummy","dummy","","","false","mir-149-5p/mir-146b-3p",NA,NA
"dummy","dummy","","","false","mir-182-5p/mir-383-5p",NA,NA
"dummy","dummy","","","false","mir-582-5p/mir-92b-3p",NA,NA
"dummy","dummy","","","false","mir-143-3p/mir-203a-3p",NA,NA
"dummy","dummy","","","false","mir-197-3p/mir-181a-5p",NA,NA
"mirna","mirna","","mir-374a-3p","false","mir-374a-3p","miR-374a-3p","hsa-mir-545,hsa-mir-374a"
"dummy","dummy","","","false","mir-374a-3p/mir-30a-5p",NA,NA
"dummy","dummy","","","false","mir-320b/mir-181b-5p",NA,NA
"mirna","mirna","","mir-194-3p","false","mir-194-3p","miR-194-3p","hsa-mir-192,hsa-mir-194-2"
"dummy","dummy","","","false","mir-194-3p/mir-495-3p",NA,NA
"dummy","dummy","","","false","mir-335-3p/mir-142-5p",NA,NA
"dummy","dummy","","","false","mir-149-5p/mir-3680-3p",NA,NA
"dummy","dummy","","","false","mir-34c-5p/mir-181b-5p",NA,NA
"dummy","dummy","","","false","mir-486-5p/mir-149-5p",NA,NA
"dummy","dummy","","","false","mir-378a-5p/mir-181c-5p",NA,NA
"mirna","mirna","","mir-144-5p","false","mir-144-5p","miR-144-5p","hsa-mir-451a,hsa-mir-451b,hsa-mir-144,hsa-mir-4732"
"dummy","dummy","","","false","mir-144-5p/mir-30e-5p",NA,NA
"dummy","dummy","","","false","mir-144-5p/mir-20a-5p",NA,NA
"dummy","dummy","","","false","mir-301a-3p/mir-550a-3p",NA,NA
"dummy","dummy","","","false","mir-20a-5p/mir-550a-3p",NA,NA
"mirna","mirna","","mir-383-5p","false","mir-383-5p",NA,"hsa-mir-383"
"dummy","dummy","","","false","mir-383-5p/mir-548v",NA,NA
"mirna","mirna","","mir-767-5p","false","mir-767-5p","miR-767-5p","hsa-mir-105-1,hsa-mir-767,hsa-mir-105-2"
"dummy","dummy","","","false","mir-767-5p/mir-130a-5p",NA,NA
"mirna","mirna","","mir-548b-3p","false","mir-548b-3p","miR-548b-3p","hsa-mir-548b"
"dummy","dummy","","","false","mir-548b-3p/mir-195-5p",NA,NA
"dummy","dummy","","","false","mir-30a-3p/mir-222-3p",NA,NA
"mirna","mirna","","mir-3150b-3p","false","mir-3150b-3p","miR-3150b-3p","hsa-mir-3150b,hsa-mir-3150a"
"dummy","dummy","","","false","mir-3150b-3p/mir-2355-5p",NA,NA
"mirna","mirna","","mir-450b-5p","false","mir-450b-5p","miR-450b-5p","hsa-mir-450b,hsa-mir-450a-1,hsa-mir-450a-2,hsa-mir-542,hsa-mir-503,hsa-mir-424"
"dummy","dummy","","","false","mir-450b-5p/let-7b-5p",NA,NA
"dummy","dummy","","","false","mir-125b-2-3p/mir-374b-3p",NA,NA
"mirna","mirna","","mir-96-5p","false","mir-96-5p","miR-96-5p/1271-5p","hsa-mir-182,hsa-mir-96,hsa-mir-183"
"dummy","dummy","","","false","mir-96-5p/mir-15a-5p",NA,NA
"dummy","dummy","","","false","mir-497-5p/mir-582-5p",NA,NA
"dummy","dummy","","","false","mir-10a-5p/mir-199a-3p",NA,NA
"dummy","dummy","","","false","mir-195-5p/mir-15a-5p",NA,NA
"dummy","dummy","","","false","mir-211-5p/let-7b-5p",NA,NA
"dummy","dummy","","","false","mir-3065-3p/mir-149-5p",NA,NA
"mirna","mirna","","mir-548v","false","mir-548v","miR-548v","hsa-mir-548v"
"dummy","dummy","","","false","mir-548v/mir-222-3p",NA,NA
"dummy","dummy","","","false","mir-548v/mir-221-3p",NA,NA
"mirna","mirna","","mir-199a-3p","false","mir-199a-3p","miR-199-3p","hsa-mir-199a-1"
"dummy","dummy","","","false","mir-199a-3p/mir-92b-3p",NA,NA
"dummy","dummy","","","false","mir-101-3p/mir-362-3p",NA,NA
"dummy","dummy","","","false","mir-221-3p/mir-222-3p",NA,NA
"dummy","dummy","","","false","mir-145-5p/mir-362-3p",NA,NA
"dummy","dummy","","","false","mir-133a-3p/mir-222-5p",NA,NA
"mirna","mirna","","mir-340-5p","false","mir-340-5p","miR-340-5p","hsa-mir-340"
"dummy","dummy","","","false","mir-340-5p/mir-629-3p",NA,NA
"dummy","dummy","","","false","mir-195-5p/mir-629-3p",NA,NA
"mirna","mirna","","mir-378b","false","mir-378b","miR-378-3p","hsa-mir-378b"
"dummy","dummy","","","false","mir-378b/mir-125b-2-3p",NA,NA
"dummy","dummy","","","false","mir-335-3p/mir-125b-2-3p",NA,NA
"dummy","dummy","","","false","mir-1229-3p/mir-3200-3p",NA,NA
"dummy","dummy","","","false","mir-550a-3p/mir-889-3p",NA,NA
"dummy","dummy","","","false","mir-335-3p/mir-383-5p",NA,NA
"dummy","dummy","","","false","mir-195-5p/mir-145-3p",NA,NA
"mirna","mirna","","mir-629-3p","false","mir-629-3p","miR-629-3p","hsa-mir-629"
"dummy","dummy","","","false","mir-629-3p/mir-338-5p",NA,NA
"mirna","mirna","","mir-203a-3p","false","mir-203a-3p",NA,"hsa-mir-203a,hsa-mir-203b"
"dummy","dummy","","","false","mir-203a-3p/mir-221-3p",NA,NA
"dummy","dummy","","","false","mir-143-5p/mir-142-5p",NA,NA
"dummy","dummy","","","false","mir-10a-5p/mir-30a-5p",NA,NA
"dummy","dummy","","","false","mir-320c/mir-33b-5p",NA,NA
"mirna","mirna","","mir-199a-5p","false","mir-199a-5p","miR-199-5p","hsa-mir-199a-1"
"dummy","dummy","","","false","mir-199a-5p/let-7b-5p",NA,NA
"dummy","dummy","","","false","let-7b-5p/mir-379-5p",NA,NA
"mirna","mirna","","mir-3614-5p","false","mir-3614-5p","miR-3614-5p","hsa-mir-3614"
"dummy","dummy","","","false","mir-3614-5p/mir-495-3p",NA,NA
"dummy","dummy","","","false","mir-491-5p/mir-320b",NA,NA
"dummy","dummy","","","false","mir-30a-5p/mir-20a-3p",NA,NA
"dummy","dummy","","","false","mir-3150b-3p/mir-20b-5p",NA,NA
"mirna","mirna","","mir-3130-5p","false","mir-3130-5p","miR-3130-5p/4482-5p","hsa-mir-3130-2,hsa-mir-3130-1"
"dummy","dummy","","","false","mir-3130-5p/mir-760",NA,NA
"dummy","dummy","","","false","mir-424-5p/mir-146b-5p",NA,NA
"mirna","mirna","","mir-1-3p","false","mir-1-3p","miR-1-3p/206","hsa-mir-133a-1,hsa-mir-1-2"
"mirna","mirna","","mir-129-5p","false","mir-129-5p","miR-129-5p","hsa-mir-129-1"
"mirna","mirna","","mir-495-3p","false","mir-495-3p","miR-495-3p","hsa-mir-299,hsa-mir-380,hsa-mir-1197,hsa-mir-323a,hsa-mir-758,hsa-mir-329-1,hsa-mir-329-2,hsa-mir-494,hsa-mir-1193,hsa-mir-543,hsa-mir-495,hsa-mir-376c,hsa-mir-376a-2,hsa-mir-654,hsa-mir-376b,hsa-mir-376a-1,hsa-mir-300,hsa-mir-1185-1"
"mirna","mirna","","mir-32-5p","false","mir-32-5p","miR-25-3p/32-5p/92-3p/363-3p/367-3p","hsa-mir-32"
"mirna","mirna","","mir-1304-5p","false","mir-1304-5p","miR-1304-5p","hsa-mir-1304"
"mirna","mirna","","mir-125b-5p","false","mir-125b-5p","miR-125-5p","hsa-mir-125b-1"
"mirna","mirna","","mir-511-5p","false","mir-511-5p","miR-511-5p",NA
"mirna","mirna","","mir-10b-5p","false","mir-10b-5p","miR-10-5p","hsa-mir-10b"
"mirna","mirna","","mir-190a-5p","false","mir-190a-5p","miR-190-5p","hsa-mir-190a"
"mirna","mirna","","mir-642a-5p","false","mir-642a-5p","miR-642a-5p","hsa-mir-642a,hsa-mir-642b"
"mirna","mirna","","mir-140-5p","false","mir-140-5p","miR-140-5p","hsa-mir-140"
"mirna","mirna","","mir-2355-5p","false","mir-2355-5p","miR-2355-5p","hsa-mir-2355"
"mirna","mirna","","mir-9-3p","false","mir-9-3p","miR-9-3p","hsa-mir-9-1"
"mirna","mirna","","mir-222-5p","false","mir-222-5p","miR-222-5p","hsa-mir-221,hsa-mir-222"
"mirna","mirna","","mir-196b-5p","false","mir-196b-5p","miR-196-5p","hsa-mir-196b"
"mirna","mirna","","mir-219a-1-3p","false","mir-219a-1-3p","miR-219a-1-3p",NA
"mirna","mirna","","mir-3680-3p","false","mir-3680-3p","miR-3680-3p","hsa-mir-3680-1"
"mirna","mirna","","mir-20a-3p","false","mir-20a-3p","miR-20a-3p","hsa-mir-17,hsa-mir-18a,hsa-mir-19a,hsa-mir-20a,hsa-mir-19b-1,hsa-mir-92a-1"
"mirna","mirna","","mir-506-3p","false","mir-506-3p","miR-124-3p.2/506-3p","hsa-mir-513a-2,hsa-mir-506,hsa-mir-507,hsa-mir-508"
"mirna","mirna","","mir-135b-5p","false","mir-135b-5p","miR-135-5p","hsa-mir-135b"
"mirna","mirna","","mir-432-5p","false","mir-432-5p","miR-432-5p","hsa-mir-337,hsa-mir-665,hsa-mir-431,hsa-mir-433,hsa-mir-127,hsa-mir-432,hsa-mir-136"
"mirna","mirna","","mir-330-5p","false","mir-330-5p","miR-326","hsa-mir-330"
"mirna","mirna","","mir-653-5p","false","mir-653-5p","miR-653-5p","hsa-mir-653,hsa-mir-489"
"mirna","mirna","","mir-139-3p","false","mir-139-3p","miR-139-3p","hsa-mir-139"
"mirna","mirna","","mir-513c-5p","false","mir-513c-5p","miR-513c-5p/514b-5p","hsa-mir-513c,hsa-mir-513b"
"mirna","mirna","","mir-126-5p","false","mir-126-5p","miR-126-5p","hsa-mir-126"
"mirna","mirna","","mir-187-3p","false","mir-187-3p","miR-187-3p","hsa-mir-187"
"mirna","mirna","","mir-363-3p","false","mir-363-3p","miR-25-3p/32-5p/92-3p/363-3p/367-3p","hsa-mir-363,hsa-mir-92a-2,hsa-mir-19b-2,hsa-mir-20b,hsa-mir-18b,hsa-mir-106a"
"mirna","mirna","","mir-382-5p","false","mir-382-5p","miR-382-5p","hsa-mir-381,hsa-mir-487b,hsa-mir-539,hsa-mir-889,hsa-mir-544a,hsa-mir-655,hsa-mir-487a,hsa-mir-382,hsa-mir-134,hsa-mir-668,hsa-mir-485,hsa-mir-323b,hsa-mir-154,hsa-mir-496,hsa-mir-377"
"mirna","mirna","","mir-9-5p","false","mir-9-5p","miR-9-5p","hsa-mir-9-1"
"mirna","mirna","","mir-30c-2-3p","false","mir-30c-2-3p","miR-30c-3p/6788-5p","hsa-mir-30c-2"
"mirna","mirna","","mir-146b-3p","false","mir-146b-3p","miR-146b-3p","hsa-mir-146b"
"mirna","mirna","","mir-181a-5p","false","mir-181a-5p","miR-181-5p","hsa-mir-181a-2,hsa-mir-181b-2"
"mirna","mirna","","mir-222-3p","false","mir-222-3p","miR-221-3p/222-3p","hsa-mir-221,hsa-mir-222"
"mirna","mirna","","mir-374b-3p","false","mir-374b-3p","miR-374b-3p","hsa-mir-421,hsa-mir-374b,hsa-mir-374c"
"mirna","mirna","","mir-362-3p","false","mir-362-3p","miR-329-3p/362-3p","hsa-mir-532,hsa-mir-188,hsa-mir-500a,hsa-mir-362,hsa-mir-501,hsa-mir-500b,hsa-mir-660,hsa-mir-502"
"mirna","mirna","","mir-3200-3p","false","mir-3200-3p","miR-3200-3p","hsa-mir-3200"
"mirna","mirna","","mir-889-3p","false","mir-889-3p","miR-889-3p","hsa-mir-376c,hsa-mir-376a-2,hsa-mir-654,hsa-mir-376b,hsa-mir-376a-1,hsa-mir-300,hsa-mir-1185-1,hsa-mir-1185-2,hsa-mir-381,hsa-mir-487b,hsa-mir-539,hsa-mir-889,hsa-mir-544a,hsa-mir-655,hsa-mir-487a,hsa-mir-382,hsa-mir-134,hsa-mir-668,hsa-mir-485,hsa-mir-323b"
"mirna","mirna","","mir-338-5p","false","mir-338-5p","miR-338-5p","hsa-mir-657,hsa-mir-3065,hsa-mir-338,hsa-mir-1250"
"mirna","mirna","","mir-33b-5p","false","mir-33b-5p","miR-33-5p","hsa-mir-33b"
"mirna","mirna","","mir-379-5p","false","mir-379-5p","miR-379-5p","hsa-mir-379,hsa-mir-411,hsa-mir-299,hsa-mir-380,hsa-mir-1197,hsa-mir-323a,hsa-mir-758,hsa-mir-329-1,hsa-mir-329-2,hsa-mir-494,hsa-mir-1193,hsa-mir-543"
"mirna","mirna","","mir-146b-5p","false","mir-146b-5p","miR-146-5p","hsa-mir-146b"
"mrna","mrna","false","ASPH","false","ASPH",NA,NA
"mrna","mrna","false","ATM","false","ATM",NA,NA
"mrna","mrna","false","CACNA1B","false","CACNA1B",NA,NA
"mrna","mrna","false","CAMK4","false","CAMK4",NA,NA
"mrna","mrna","false","CASP3","false","CASP3",NA,NA
"mrna","mrna","true","RUNX3","false","RUNX3",NA,NA
"mrna","mrna","false","CCND2","false","CCND2",NA,NA
"mrna","mrna","false","CDK6","false","CDK6",NA,NA
"mrna","mrna","false","CDKN1A","false","CDKN1A",NA,NA
"mrna","mrna","false","CENPF","false","CENPF",NA,NA
"mrna","mrna","false","CLU","false","CLU",NA,NA
"mrna","mrna","true","KLF6","false","KLF6",NA,NA
"mrna","mrna","false","CPS1","false","CPS1",NA,NA
"mrna","mrna","false","CRY2","false","CRY2",NA,NA
"mrna","mrna","false","DAG1","false","DAG1",NA,NA
"mrna","mrna","false","DYNC1LI2","false","DYNC1LI2",NA,NA
"mrna","mrna","false","DPYSL2","false","DPYSL2",NA,NA
"mrna","mrna","false","DSG2","false","DSG2",NA,NA
"mrna","mrna","false","DVL3","false","DVL3",NA,NA
"mrna","mrna","false","EEF2","false","EEF2",NA,NA
"mrna","mrna","true","EGR1","false","EGR1",NA,NA
"mrna","mrna","true","ELF1","false","ELF1",NA,NA
"mrna","mrna","true","ELK4","false","ELK4",NA,NA
"mrna","mrna","false","ACSL4","false","ACSL4",NA,NA
"mrna","mrna","false","FDXR","false","FDXR",NA,NA
"mrna","mrna","true","NR6A1","false","NR6A1",NA,NA
"mrna","mrna","false","HNRNPA1","false","HNRNPA1",NA,NA
"mrna","mrna","false","IL1R1","false","IL1R1",NA,NA
"mrna","mrna","false","IRAK2","false","IRAK2",NA,NA
"mrna","mrna","false","IREB2","false","IREB2",NA,NA
"mrna","mrna","false","ITGA2","false","ITGA2",NA,NA
"mrna","mrna","false","JARID2","false","JARID2",NA,NA
"mrna","mrna","false","KCND3","false","KCND3",NA,NA
"mrna","mrna","false","KIF2A","false","KIF2A",NA,NA
"mrna","mrna","false","LNPEP","false","LNPEP",NA,NA
"mrna","mrna","false","CD46","false","CD46",NA,NA
"mrna","mrna","false","MDM2","false","MDM2",NA,NA
"mrna","mrna","true","MEIS1","false","MEIS1",NA,NA
"mrna","mrna","false","MAP3K9","false","MAP3K9",NA,NA
"mrna","mrna","false","NAP1L1","false","NAP1L1",NA,NA
"mrna","mrna","false","NOTCH2","false","NOTCH2",NA,NA
"mrna","mrna","false","NPTX1","false","NPTX1",NA,NA
"mrna","mrna","false","OAS2","false","OAS2",NA,NA
"mrna","mrna","true","PBX1","false","PBX1",NA,NA
"mrna","mrna","false","PCDH9","false","PCDH9",NA,NA
"mrna","mrna","false","PDE3A","false","PDE3A",NA,NA
"mrna","mrna","true","PGR","false","PGR",NA,NA
"mrna","mrna","false","PIM1","false","PIM1",NA,NA
"mrna","mrna","false","PLOD1","false","PLOD1",NA,NA
"mrna","mrna","true","PRRX1","false","PRRX1",NA,NA
"mrna","mrna","true","POU2F2","false","POU2F2",NA,NA
"mrna","mrna","false","PPP2CB","false","PPP2CB",NA,NA
"mrna","mrna","false","PRKAA1","false","PRKAA1",NA,NA
"mrna","mrna","false","PRKAA2","false","PRKAA2",NA,NA
"mrna","mrna","false","PRLR","false","PRLR",NA,NA
"mrna","mrna","false","KLK10","false","KLK10",NA,NA
"mrna","mrna","true","RLF","false","RLF",NA,NA
"mrna","mrna","true","RORB","false","RORB",NA,NA
"mrna","mrna","false","RPS24","false","RPS24",NA,NA
"mrna","mrna","true","SALL2","false","SALL2",NA,NA
"mrna","mrna","false","ATXN1","false","ATXN1",NA,NA
"mrna","mrna","false","SDC2","false","SDC2",NA,NA
"mrna","mrna","false","SGK1","false","SGK1",NA,NA
"mrna","mrna","false","SLC2A3","false","SLC2A3",NA,NA
"mrna","mrna","false","SLC6A8","false","SLC6A8",NA,NA
"mrna","mrna","false","SOD2","false","SOD2",NA,NA
"mrna","mrna","false","TFRC","false","TFRC",NA,NA
"mrna","mrna","false","THBS1","false","THBS1",NA,NA
"mrna","mrna","false","VIM","false","VIM",NA,NA
"mrna","mrna","false","WEE1","false","WEE1",NA,NA
"mrna","mrna","true","ZNF711","false","ZNF711",NA,NA
"mrna","mrna","true","ZNF146","false","ZNF146",NA,NA
"mrna","mrna","false","BTG2","false","BTG2",NA,NA
"mrna","mrna","false","ADAM12","false","ADAM12",NA,NA
"mrna","mrna","false","NRIP1","false","NRIP1",NA,NA
"mrna","mrna","false","IRS4","false","IRS4",NA,NA
"mrna","mrna","false","PIK3R3","false","PIK3R3",NA,NA
"mrna","mrna","false","TNFSF9","false","TNFSF9",NA,NA
"mrna","mrna","false","CPNE1","false","CPNE1",NA,NA
"mrna","mrna","false","TIMELESS","false","TIMELESS",NA,NA
"mrna","mrna","false","CCNE2","false","CCNE2",NA,NA
"mrna","mrna","false","SLC16A7","false","SLC16A7",NA,NA
"mrna","mrna","false","LIPG","false","LIPG",NA,NA
"mrna","mrna","false","QKI","false","QKI",NA,NA
"mrna","mrna","false","HOMER2","false","HOMER2",NA,NA
"mrna","mrna","false","THEMIS2","false","THEMIS2",NA,NA
"mrna","mrna","false","ADAMTS1","false","ADAMTS1",NA,NA
"mrna","mrna","false","AKAP12","false","AKAP12",NA,NA
"mrna","mrna","false","MATR3","false","MATR3",NA,NA
"mrna","mrna","false","SCRN1","false","SCRN1",NA,NA
"mrna","mrna","false","HS3ST1","false","HS3ST1",NA,NA
"mrna","mrna","false","BCL2L11","false","BCL2L11",NA,NA
"mrna","mrna","false","HIPK3","false","HIPK3",NA,NA
"mrna","mrna","false","PDIA6","false","PDIA6",NA,NA
"mrna","mrna","false","PATJ","false","PATJ",NA,NA
"mrna","mrna","false","CDC42EP2","false","CDC42EP2",NA,NA
"mrna","mrna","false","VAV3","false","VAV3",NA,NA
"mrna","mrna","false","LRRC41","false","LRRC41",NA,NA
"mrna","mrna","false","TXNIP","false","TXNIP",NA,NA
"mrna","mrna","true","NFAT5","false","NFAT5",NA,NA
"mrna","mrna","false","TPPP","false","TPPP",NA,NA
"mrna","mrna","false","GPR176","false","GPR176",NA,NA
"mrna","mrna","true","IKZF2","false","IKZF2",NA,NA
"mrna","mrna","false","MTF2","false","MTF2",NA,NA
"mrna","mrna","false","HSPA4L","false","HSPA4L",NA,NA
"mrna","mrna","true","ZNF507","false","ZNF507",NA,NA
"mrna","mrna","false","ENPP4","false","ENPP4",NA,NA
"mrna","mrna","false","SMG1","false","SMG1",NA,NA
"mrna","mrna","false","TUT4","false","TUT4",NA,NA
"mrna","mrna","false","PSD3","false","PSD3",NA,NA
"mrna","mrna","false","MACF1","false","MACF1",NA,NA
"mrna","mrna","false","BAMBI","false","BAMBI",NA,NA
"mrna","mrna","false","TIPARP","false","TIPARP",NA,NA
"mrna","mrna","true","SETBP1","false","SETBP1",NA,NA
"mrna","mrna","false","SZRD1","false","SZRD1",NA,NA
"mrna","mrna","false","PITPNC1","false","PITPNC1",NA,NA
"mrna","mrna","true","HEYL","false","HEYL",NA,NA
"mrna","mrna","false","AGO1","false","AGO1",NA,NA
"mrna","mrna","false","TSPAN13","false","TSPAN13",NA,NA
"mrna","mrna","false","INTU","false","INTU",NA,NA
"mrna","mrna","false","PDCD4","false","PDCD4",NA,NA
"mrna","mrna","false","TNRC6A","false","TNRC6A",NA,NA
"mrna","mrna","false","OSTM1","false","OSTM1",NA,NA
"mrna","mrna","false","HIPK2","false","HIPK2",NA,NA
"mrna","mrna","false","UBQLN1","false","UBQLN1",NA,NA
"mrna","mrna","false","DNTTIP2","false","DNTTIP2",NA,NA
"mrna","mrna","false","SUCO","false","SUCO",NA,NA
"mrna","mrna","true","SIX4","false","SIX4",NA,NA
"mrna","mrna","false","SLC38A2","false","SLC38A2",NA,NA
"mrna","mrna","false","ANLN","false","ANLN",NA,NA
"mrna","mrna","false","RBM47","false","RBM47",NA,NA
"mrna","mrna","false","INO80D","false","INO80D",NA,NA
"mrna","mrna","false","TASOR2","false","TASOR2",NA,NA
"mrna","mrna","false","BPNT2","false","BPNT2",NA,NA
"mrna","mrna","false","SOBP","false","SOBP",NA,NA
"mrna","mrna","false","VPS13D","false","VPS13D",NA,NA
"mrna","mrna","false","G2E3","false","G2E3",NA,NA
"mrna","mrna","false","RUFY2","false","RUFY2",NA,NA
"mrna","mrna","false","N4BP2","false","N4BP2",NA,NA
"mrna","mrna","false","CENPN","false","CENPN",NA,NA
"mrna","mrna","false","HEG1","false","HEG1",NA,NA
"mrna","mrna","false","CASKIN1","false","CASKIN1",NA,NA
"mrna","mrna","false","PDP2","false","PDP2",NA,NA
"mrna","mrna","false","TAOK1","false","TAOK1",NA,NA
"mrna","mrna","false","CTDSP1","false","CTDSP1",NA,NA
"mrna","mrna","false","PLEKHA1","false","PLEKHA1",NA,NA
"mrna","mrna","false","SMOC1","false","SMOC1",NA,NA
"mrna","mrna","false","NFKBIZ","false","NFKBIZ",NA,NA
"mrna","mrna","false","ZMAT3","false","ZMAT3",NA,NA
"mrna","mrna","false","FNDC3B","false","FNDC3B",NA,NA
"mrna","mrna","false","PHACTR4","false","PHACTR4",NA,NA
"mrna","mrna","false","RASL11B","false","RASL11B",NA,NA
"mrna","mrna","true","HMBOX1","false","HMBOX1",NA,NA
"mrna","mrna","false","JADE1","false","JADE1",NA,NA
"mrna","mrna","false","GREB1L","false","GREB1L",NA,NA
"mrna","mrna","false","SEMA6D","false","SEMA6D",NA,NA
"mrna","mrna","true","CSRNP3","false","CSRNP3",NA,NA
"mrna","mrna","false","TTYH3","false","TTYH3",NA,NA
"mrna","mrna","false","SLC38A1","false","SLC38A1",NA,NA
"mrna","mrna","false","SLCO5A1","false","SLCO5A1",NA,NA
"mrna","mrna","false","TMTC1","false","TMTC1",NA,NA
"mrna","mrna","false","ANTXR1","false","ANTXR1",NA,NA
"mrna","mrna","true","LCOR","false","LCOR",NA,NA
"mrna","mrna","false","PARD6B","false","PARD6B",NA,NA
"mrna","mrna","false","COL27A1","false","COL27A1",NA,NA
"mrna","mrna","false","ZC3H12C","false","ZC3H12C",NA,NA
"mrna","mrna","false","ANKRD44","false","ANKRD44",NA,NA
"mrna","mrna","false","ARRDC4","false","ARRDC4",NA,NA
"mrna","mrna","false","ARAP2","false","ARAP2",NA,NA
"mrna","mrna","false","CCSAP","false","CCSAP",NA,NA
"mrna","mrna","false","ICA1L","false","ICA1L",NA,NA
"mrna","mrna","false","STK35","false","STK35",NA,NA
"mrna","mrna","true","E2F7","false","E2F7",NA,NA
"mrna","mrna","false","CREBRF","false","CREBRF",NA,NA
"mrna","mrna","false","CEP120","false","CEP120",NA,NA
"mrna","mrna","false","IFNLR1","false","IFNLR1",NA,NA
"mrna","mrna","true","ZNF431","false","ZNF431",NA,NA
"mrna","mrna","false","SCAMP5","false","SCAMP5",NA,NA
"mrna","mrna","false","HIPK1","false","HIPK1",NA,NA
"mrna","mrna","false","SPATA13","false","SPATA13",NA,NA
"mrna","mrna","false","YTHDF3","false","YTHDF3",NA,NA
"mrna","mrna","false","FAM126B","false","FAM126B",NA,NA
"mrna","mrna","false","FAM71F2","false","FAM71F2",NA,NA
"mrna","mrna","false","FAM160A1","false","FAM160A1",NA,NA
